-- phpMyAdmin SQL Dump
-- version 5.2.1
-- https://www.phpmyadmin.net/
--
-- Host: 127.0.0.1
-- Generation Time: Feb 11, 2026 at 08:31 AM
-- Server version: 10.4.32-MariaDB
-- PHP Version: 8.0.30

SET SQL_MODE = "NO_AUTO_VALUE_ON_ZERO";
START TRANSACTION;
SET time_zone = "+00:00";


/*!40101 SET @OLD_CHARACTER_SET_CLIENT=@@CHARACTER_SET_CLIENT */;
/*!40101 SET @OLD_CHARACTER_SET_RESULTS=@@CHARACTER_SET_RESULTS */;
/*!40101 SET @OLD_COLLATION_CONNECTION=@@COLLATION_CONNECTION */;
/*!40101 SET NAMES utf8mb4 */;

--
-- Database: `ecommerce_db`
--

-- --------------------------------------------------------

--
-- Table structure for table `customers`
--

CREATE TABLE `customers` (
  `customer_id` varchar(50) NOT NULL,
  `customer_type` enum('New','Returning') NOT NULL,
  `created_at` timestamp NOT NULL DEFAULT current_timestamp()
) ENGINE=InnoDB DEFAULT CHARSET=utf8mb4 COLLATE=utf8mb4_general_ci;

--
-- Dumping data for table `customers`
--

INSERT INTO `customers` (`customer_id`, `customer_type`, `created_at`) VALUES
('CUST_10001', 'New', '2026-02-11 07:03:02'),
('CUST_10002', 'Returning', '2026-02-11 07:03:02'),
('CUST_10004', 'New', '2026-02-11 07:03:02'),
('CUST_10005', 'Returning', '2026-02-11 07:03:02'),
('CUST_10006', 'New', '2026-02-11 07:03:02'),
('CUST_10007', 'New', '2026-02-11 07:03:02'),
('CUST_10008', 'Returning', '2026-02-11 07:03:02'),
('CUST_10009', 'New', '2026-02-11 07:03:02'),
('CUST_10010', 'New', '2026-02-11 07:03:02'),
('CUST_10011', 'New', '2026-02-11 07:03:02'),
('CUST_10012', 'Returning', '2026-02-11 07:03:02'),
('CUST_10013', 'New', '2026-02-11 07:03:02'),
('CUST_10014', 'New', '2026-02-11 07:03:02'),
('CUST_10015', 'Returning', '2026-02-11 07:03:02'),
('CUST_10016', 'New', '2026-02-11 07:03:02'),
('CUST_10017', 'New', '2026-02-11 07:03:02'),
('CUST_10018', 'Returning', '2026-02-11 07:03:02'),
('CUST_10019', 'New', '2026-02-11 07:03:02'),
('CUST_10020', 'New', '2026-02-11 07:03:02'),
('CUST_10021', 'Returning', '2026-02-11 07:03:02'),
('CUST_10022', 'New', '2026-02-11 07:03:02'),
('CUST_10023', 'New', '2026-02-11 07:03:02'),
('CUST_10024', 'New', '2026-02-11 07:03:02'),
('CUST_10025', 'New', '2026-02-11 07:03:02'),
('CUST_10026', 'Returning', '2026-02-11 07:03:02'),
('CUST_10027', 'New', '2026-02-11 07:03:02'),
('CUST_10028', 'New', '2026-02-11 07:03:02'),
('CUST_10029', 'New', '2026-02-11 07:03:02'),
('CUST_10030', 'Returning', '2026-02-11 07:03:02'),
('CUST_10031', 'New', '2026-02-11 07:03:02'),
('CUST_10032', 'New', '2026-02-11 07:03:02'),
('CUST_10033', 'Returning', '2026-02-11 07:03:02'),
('CUST_10034', 'New', '2026-02-11 07:03:02'),
('CUST_10035', 'New', '2026-02-11 07:03:02'),
('CUST_10036', 'New', '2026-02-11 07:03:02'),
('CUST_10037', 'Returning', '2026-02-11 07:03:02'),
('CUST_10038', 'New', '2026-02-11 07:03:02'),
('CUST_10039', 'New', '2026-02-11 07:03:02'),
('CUST_10040', 'New', '2026-02-11 07:03:02'),
('CUST_10041', 'Returning', '2026-02-11 07:03:02'),
('CUST_10042', 'New', '2026-02-11 07:03:02'),
('CUST_10043', 'New', '2026-02-11 07:03:02'),
('CUST_10044', 'New', '2026-02-11 07:03:02'),
('CUST_10045', 'Returning', '2026-02-11 07:03:02'),
('CUST_10046', 'New', '2026-02-11 07:03:02'),
('CUST_10047', 'New', '2026-02-11 07:03:02'),
('CUST_10048', 'New', '2026-02-11 07:03:02'),
('CUST_10049', 'Returning', '2026-02-11 07:03:02'),
('CUST_10050', 'New', '2026-02-11 07:03:02'),
('CUST_10051', 'New', '2026-02-11 07:03:02'),
('CUST_10052', 'New', '2026-02-11 07:03:02'),
('CUST_10053', 'Returning', '2026-02-11 07:03:02'),
('CUST_10054', 'New', '2026-02-11 07:03:02'),
('CUST_10055', 'New', '2026-02-11 07:03:02'),
('CUST_10056', 'New', '2026-02-11 07:03:02'),
('CUST_10057', 'Returning', '2026-02-11 07:03:02'),
('CUST_10058', 'New', '2026-02-11 07:03:02'),
('CUST_10059', 'New', '2026-02-11 07:03:02'),
('CUST_10060', 'New', '2026-02-11 07:03:02'),
('CUST_10061', 'Returning', '2026-02-11 07:03:02'),
('CUST_10062', 'New', '2026-02-11 07:03:02'),
('CUST_10063', 'New', '2026-02-11 07:03:02'),
('CUST_10064', 'New', '2026-02-11 07:03:02'),
('CUST_10065', 'Returning', '2026-02-11 07:03:02'),
('CUST_10066', 'New', '2026-02-11 07:03:02'),
('CUST_10067', 'New', '2026-02-11 07:03:02'),
('CUST_10068', 'New', '2026-02-11 07:03:02'),
('CUST_10069', 'Returning', '2026-02-11 07:03:02'),
('CUST_10070', 'New', '2026-02-11 07:03:02'),
('CUST_10071', 'New', '2026-02-11 07:03:02'),
('CUST_10072', 'New', '2026-02-11 07:03:02'),
('CUST_10073', 'Returning', '2026-02-11 07:03:02'),
('CUST_10074', 'New', '2026-02-11 07:03:02'),
('CUST_10075', 'New', '2026-02-11 07:03:02'),
('CUST_10076', 'New', '2026-02-11 07:03:02'),
('CUST_10077', 'Returning', '2026-02-11 07:03:02'),
('CUST_10078', 'New', '2026-02-11 07:03:02'),
('CUST_10079', 'New', '2026-02-11 07:03:02'),
('CUST_10080', 'New', '2026-02-11 07:03:02'),
('CUST_10081', 'Returning', '2026-02-11 07:03:02'),
('CUST_10082', 'New', '2026-02-11 07:03:02'),
('CUST_10083', 'New', '2026-02-11 07:03:02'),
('CUST_10084', 'New', '2026-02-11 07:03:02'),
('CUST_10085', 'Returning', '2026-02-11 07:03:02'),
('CUST_10086', 'New', '2026-02-11 07:03:02'),
('CUST_10087', 'New', '2026-02-11 07:03:02'),
('CUST_10088', 'New', '2026-02-11 07:03:02'),
('CUST_10089', 'Returning', '2026-02-11 07:03:02'),
('CUST_10090', 'New', '2026-02-11 07:03:02'),
('CUST_10091', 'New', '2026-02-11 07:03:02'),
('CUST_10092', 'New', '2026-02-11 07:03:02'),
('CUST_10093', 'Returning', '2026-02-11 07:03:02'),
('CUST_10094', 'New', '2026-02-11 07:03:02'),
('CUST_10095', 'New', '2026-02-11 07:03:02'),
('CUST_10096', 'New', '2026-02-11 07:03:02'),
('CUST_10097', 'Returning', '2026-02-11 07:03:02'),
('CUST_10098', 'New', '2026-02-11 07:03:02'),
('CUST_10099', 'New', '2026-02-11 07:03:02'),
('CUST_10100', 'New', '2026-02-11 07:03:02'),
('CUST_10101', 'Returning', '2026-02-11 07:03:02'),
('CUST_10102', 'New', '2026-02-11 07:03:02'),
('CUST_10103', 'New', '2026-02-11 07:03:02'),
('CUST_10104', 'New', '2026-02-11 07:03:02'),
('CUST_10105', 'Returning', '2026-02-11 07:03:02'),
('CUST_10106', 'New', '2026-02-11 07:03:02'),
('CUST_10107', 'New', '2026-02-11 07:03:02'),
('CUST_10108', 'New', '2026-02-11 07:03:02'),
('CUST_10109', 'Returning', '2026-02-11 07:03:02'),
('CUST_10110', 'New', '2026-02-11 07:03:02'),
('CUST_10111', 'New', '2026-02-11 07:03:02'),
('CUST_10112', 'New', '2026-02-11 07:03:02'),
('CUST_10113', 'Returning', '2026-02-11 07:03:02'),
('CUST_10114', 'New', '2026-02-11 07:03:02'),
('CUST_10115', 'New', '2026-02-11 07:03:02'),
('CUST_10116', 'New', '2026-02-11 07:03:02'),
('CUST_10117', 'New', '2026-02-11 07:03:02'),
('CUST_10118', 'Returning', '2026-02-11 07:03:02'),
('CUST_10119', 'New', '2026-02-11 07:03:02'),
('CUST_10120', 'New', '2026-02-11 07:03:02'),
('CUST_10121', 'New', '2026-02-11 07:03:02'),
('CUST_10122', 'New', '2026-02-11 07:03:02'),
('CUST_10123', 'Returning', '2026-02-11 07:03:02'),
('CUST_10124', 'New', '2026-02-11 07:03:02'),
('CUST_10125', 'New', '2026-02-11 07:03:02'),
('CUST_10126', 'New', '2026-02-11 07:03:02'),
('CUST_10127', 'New', '2026-02-11 07:03:02'),
('CUST_10128', 'Returning', '2026-02-11 07:03:02'),
('CUST_10129', 'New', '2026-02-11 07:03:02'),
('CUST_10130', 'New', '2026-02-11 07:03:02'),
('CUST_10131', 'New', '2026-02-11 07:03:02'),
('CUST_10132', 'New', '2026-02-11 07:03:02'),
('CUST_10133', 'Returning', '2026-02-11 07:03:02'),
('CUST_10134', 'New', '2026-02-11 07:03:02'),
('CUST_10135', 'New', '2026-02-11 07:03:02'),
('CUST_10136', 'New', '2026-02-11 07:03:02'),
('CUST_10137', 'New', '2026-02-11 07:03:02'),
('CUST_10138', 'Returning', '2026-02-11 07:03:02'),
('CUST_10139', 'New', '2026-02-11 07:03:02'),
('CUST_10140', 'New', '2026-02-11 07:03:02'),
('CUST_10141', 'New', '2026-02-11 07:03:02'),
('CUST_10142', 'Returning', '2026-02-11 07:03:02'),
('CUST_10143', 'New', '2026-02-11 07:03:02'),
('CUST_10144', 'New', '2026-02-11 07:03:02'),
('CUST_10145', 'New', '2026-02-11 07:03:02'),
('CUST_10146', 'New', '2026-02-11 07:03:02'),
('CUST_10147', 'Returning', '2026-02-11 07:03:02'),
('CUST_10148', 'New', '2026-02-11 07:03:02'),
('CUST_10149', 'New', '2026-02-11 07:03:02'),
('CUST_10150', 'New', '2026-02-11 07:03:02'),
('CUST_10151', 'New', '2026-02-11 07:03:02'),
('CUST_10152', 'Returning', '2026-02-11 07:03:02'),
('CUST_10153', 'New', '2026-02-11 07:03:02'),
('CUST_10154', 'New', '2026-02-11 07:03:02'),
('CUST_10155', 'New', '2026-02-11 07:03:02'),
('CUST_10156', 'New', '2026-02-11 07:03:02'),
('CUST_10157', 'Returning', '2026-02-11 07:03:02'),
('CUST_10158', 'New', '2026-02-11 07:03:02'),
('CUST_10159', 'New', '2026-02-11 07:03:02'),
('CUST_10160', 'New', '2026-02-11 07:03:02'),
('CUST_10161', 'New', '2026-02-11 07:03:02'),
('CUST_10162', 'Returning', '2026-02-11 07:03:02'),
('CUST_10163', 'New', '2026-02-11 07:03:02'),
('CUST_10164', 'New', '2026-02-11 07:03:02'),
('CUST_10165', 'New', '2026-02-11 07:03:02'),
('CUST_10166', 'New', '2026-02-11 07:03:02'),
('CUST_10167', 'Returning', '2026-02-11 07:03:02'),
('CUST_10168', 'New', '2026-02-11 07:03:02'),
('CUST_10169', 'New', '2026-02-11 07:03:02'),
('CUST_10170', 'New', '2026-02-11 07:03:02'),
('CUST_10171', 'New', '2026-02-11 07:03:02'),
('CUST_10172', 'Returning', '2026-02-11 07:03:02'),
('CUST_10173', 'New', '2026-02-11 07:03:02'),
('CUST_10174', 'New', '2026-02-11 07:03:02'),
('CUST_10175', 'New', '2026-02-11 07:03:02'),
('CUST_10176', 'New', '2026-02-11 07:03:02'),
('CUST_10177', 'Returning', '2026-02-11 07:03:02'),
('CUST_10178', 'New', '2026-02-11 07:03:02'),
('CUST_10179', 'New', '2026-02-11 07:03:02'),
('CUST_10180', 'New', '2026-02-11 07:03:02'),
('CUST_10181', 'New', '2026-02-11 07:03:02'),
('CUST_10182', 'Returning', '2026-02-11 07:03:02'),
('CUST_10183', 'New', '2026-02-11 07:03:02'),
('CUST_10184', 'New', '2026-02-11 07:03:02'),
('CUST_10185', 'New', '2026-02-11 07:03:02'),
('CUST_10186', 'New', '2026-02-11 07:03:02'),
('CUST_10187', 'Returning', '2026-02-11 07:03:02'),
('CUST_10188', 'New', '2026-02-11 07:03:02'),
('CUST_10189', 'New', '2026-02-11 07:03:02'),
('CUST_10190', 'New', '2026-02-11 07:03:02'),
('CUST_10191', 'New', '2026-02-11 07:03:02'),
('CUST_10192', 'Returning', '2026-02-11 07:03:02'),
('CUST_10193', 'New', '2026-02-11 07:03:02'),
('CUST_10194', 'New', '2026-02-11 07:03:02'),
('CUST_10195', 'New', '2026-02-11 07:03:02'),
('CUST_10196', 'New', '2026-02-11 07:03:02'),
('CUST_10197', 'Returning', '2026-02-11 07:03:02'),
('CUST_10198', 'New', '2026-02-11 07:03:02'),
('CUST_10199', 'New', '2026-02-11 07:03:02'),
('CUST_10200', 'New', '2026-02-11 07:03:02'),
('CUST_10201', 'New', '2026-02-11 07:03:02'),
('CUST_10202', 'Returning', '2026-02-11 07:03:02'),
('CUST_10203', 'New', '2026-02-11 07:03:02'),
('CUST_10204', 'New', '2026-02-11 07:03:02'),
('CUST_10205', 'New', '2026-02-11 07:03:02'),
('CUST_10206', 'New', '2026-02-11 07:03:02'),
('CUST_10207', 'Returning', '2026-02-11 07:03:02'),
('CUST_10208', 'New', '2026-02-11 07:03:02'),
('CUST_10209', 'New', '2026-02-11 07:03:02'),
('CUST_10210', 'New', '2026-02-11 07:03:02'),
('CUST_10211', 'New', '2026-02-11 07:03:02'),
('CUST_10212', 'Returning', '2026-02-11 07:03:02'),
('CUST_10213', 'New', '2026-02-11 07:03:02'),
('CUST_10214', 'New', '2026-02-11 07:03:02'),
('CUST_10215', 'New', '2026-02-11 07:03:02'),
('CUST_10216', 'New', '2026-02-11 07:03:02'),
('CUST_10217', 'Returning', '2026-02-11 07:03:02'),
('CUST_10218', 'New', '2026-02-11 07:03:02'),
('CUST_10219', 'New', '2026-02-11 07:03:02'),
('CUST_10220', 'New', '2026-02-11 07:03:02'),
('CUST_10221', 'New', '2026-02-11 07:03:02'),
('CUST_10222', 'Returning', '2026-02-11 07:03:02'),
('CUST_10223', 'New', '2026-02-11 07:03:02'),
('CUST_10224', 'New', '2026-02-11 07:03:02'),
('CUST_10225', 'New', '2026-02-11 07:03:02'),
('CUST_10226', 'New', '2026-02-11 07:03:02'),
('CUST_10227', 'Returning', '2026-02-11 07:03:02'),
('CUST_10228', 'New', '2026-02-11 07:03:02'),
('CUST_10229', 'New', '2026-02-11 07:03:02'),
('CUST_10230', 'New', '2026-02-11 07:03:02'),
('CUST_10231', 'New', '2026-02-11 07:03:02'),
('CUST_10232', 'Returning', '2026-02-11 07:03:02'),
('CUST_10233', 'New', '2026-02-11 07:03:02'),
('CUST_10234', 'New', '2026-02-11 07:03:02'),
('CUST_10235', 'New', '2026-02-11 07:03:02'),
('CUST_10236', 'New', '2026-02-11 07:03:02'),
('CUST_10237', 'Returning', '2026-02-11 07:03:02'),
('CUST_10238', 'New', '2026-02-11 07:03:02'),
('CUST_10239', 'New', '2026-02-11 07:03:02'),
('CUST_10240', 'New', '2026-02-11 07:03:02'),
('CUST_10241', 'New', '2026-02-11 07:03:02'),
('CUST_10242', 'Returning', '2026-02-11 07:03:02'),
('CUST_10243', 'New', '2026-02-11 07:03:02'),
('CUST_10244', 'New', '2026-02-11 07:03:02'),
('CUST_10245', 'New', '2026-02-11 07:03:02'),
('CUST_10246', 'New', '2026-02-11 07:03:02'),
('CUST_10247', 'Returning', '2026-02-11 07:03:02'),
('CUST_10248', 'New', '2026-02-11 07:03:02'),
('CUST_10249', 'New', '2026-02-11 07:03:02'),
('CUST_10250', 'New', '2026-02-11 07:03:02'),
('CUST_10251', 'New', '2026-02-11 07:03:02'),
('CUST_10252', 'Returning', '2026-02-11 07:03:02'),
('CUST_10253', 'New', '2026-02-11 07:03:02'),
('CUST_10254', 'New', '2026-02-11 07:03:02'),
('CUST_10255', 'New', '2026-02-11 07:03:02'),
('CUST_10256', 'New', '2026-02-11 07:03:02'),
('CUST_10257', 'Returning', '2026-02-11 07:03:02'),
('CUST_10258', 'New', '2026-02-11 07:03:02'),
('CUST_10259', 'New', '2026-02-11 07:03:02'),
('CUST_10260', 'New', '2026-02-11 07:03:02'),
('CUST_10261', 'New', '2026-02-11 07:03:02'),
('CUST_10262', 'Returning', '2026-02-11 07:03:02'),
('CUST_10263', 'New', '2026-02-11 07:03:02'),
('CUST_10264', 'New', '2026-02-11 07:03:02'),
('CUST_10265', 'New', '2026-02-11 07:03:02'),
('CUST_10266', 'New', '2026-02-11 07:03:02'),
('CUST_10267', 'Returning', '2026-02-11 07:03:02'),
('CUST_10268', 'New', '2026-02-11 07:03:02'),
('CUST_10269', 'New', '2026-02-11 07:03:02'),
('CUST_10270', 'New', '2026-02-11 07:03:02'),
('CUST_10271', 'New', '2026-02-11 07:03:02'),
('CUST_10272', 'Returning', '2026-02-11 07:03:02'),
('CUST_10273', 'New', '2026-02-11 07:03:02'),
('CUST_10274', 'New', '2026-02-11 07:03:02'),
('CUST_10275', 'New', '2026-02-11 07:03:02'),
('CUST_10276', 'New', '2026-02-11 07:03:02'),
('CUST_10277', 'Returning', '2026-02-11 07:03:02'),
('CUST_10278', 'New', '2026-02-11 07:03:02'),
('CUST_10279', 'New', '2026-02-11 07:03:02'),
('CUST_10280', 'New', '2026-02-11 07:03:02'),
('CUST_10281', 'New', '2026-02-11 07:03:02'),
('CUST_10282', 'Returning', '2026-02-11 07:03:02'),
('CUST_10283', 'New', '2026-02-11 07:03:02'),
('CUST_10284', 'New', '2026-02-11 07:03:02'),
('CUST_10285', 'New', '2026-02-11 07:03:02'),
('CUST_10286', 'New', '2026-02-11 07:03:02'),
('CUST_10287', 'New', '2026-02-11 07:03:02'),
('CUST_10288', 'Returning', '2026-02-11 07:03:02'),
('CUST_10289', 'New', '2026-02-11 07:03:02'),
('CUST_10290', 'New', '2026-02-11 07:03:02'),
('CUST_10291', 'New', '2026-02-11 07:03:02'),
('CUST_10292', 'New', '2026-02-11 07:03:02'),
('CUST_10293', 'Returning', '2026-02-11 07:03:02'),
('CUST_10294', 'New', '2026-02-11 07:03:02'),
('CUST_10295', 'New', '2026-02-11 07:03:02'),
('CUST_10296', 'New', '2026-02-11 07:03:02'),
('CUST_10297', 'New', '2026-02-11 07:03:02'),
('CUST_10298', 'Returning', '2026-02-11 07:03:02'),
('CUST_10299', 'New', '2026-02-11 07:03:02'),
('CUST_10300', 'New', '2026-02-11 07:03:02'),
('CUST_10301', 'New', '2026-02-11 07:03:02'),
('CUST_10302', 'New', '2026-02-11 07:03:02'),
('CUST_10303', 'Returning', '2026-02-11 07:03:02'),
('CUST_10304', 'New', '2026-02-11 07:03:02'),
('CUST_10305', 'New', '2026-02-11 07:03:02'),
('CUST_10306', 'New', '2026-02-11 07:03:02'),
('CUST_10307', 'New', '2026-02-11 07:03:02'),
('CUST_10308', 'Returning', '2026-02-11 07:03:02'),
('CUST_10309', 'New', '2026-02-11 07:03:02'),
('CUST_10310', 'New', '2026-02-11 07:03:02'),
('CUST_10311', 'New', '2026-02-11 07:03:02'),
('CUST_10312', 'New', '2026-02-11 07:03:02'),
('CUST_10313', 'Returning', '2026-02-11 07:03:02'),
('CUST_10314', 'New', '2026-02-11 07:03:02'),
('CUST_10315', 'New', '2026-02-11 07:03:02'),
('CUST_10316', 'New', '2026-02-11 07:03:02'),
('CUST_10317', 'New', '2026-02-11 07:03:02'),
('CUST_10318', 'Returning', '2026-02-11 07:03:02'),
('CUST_10319', 'New', '2026-02-11 07:03:02'),
('CUST_10320', 'New', '2026-02-11 07:03:02'),
('CUST_10321', 'New', '2026-02-11 07:03:02'),
('CUST_10322', 'New', '2026-02-11 07:03:02'),
('CUST_10323', 'Returning', '2026-02-11 07:03:02'),
('CUST_10324', 'New', '2026-02-11 07:03:02'),
('CUST_10325', 'New', '2026-02-11 07:03:02'),
('CUST_10326', 'New', '2026-02-11 07:03:02'),
('CUST_10327', 'New', '2026-02-11 07:03:02'),
('CUST_10328', 'Returning', '2026-02-11 07:03:02'),
('CUST_10329', 'New', '2026-02-11 07:03:02'),
('CUST_10330', 'New', '2026-02-11 07:03:02'),
('CUST_10331', 'New', '2026-02-11 07:03:02'),
('CUST_10332', 'New', '2026-02-11 07:03:02'),
('CUST_10333', 'Returning', '2026-02-11 07:03:02'),
('CUST_10334', 'New', '2026-02-11 07:03:02'),
('CUST_10335', 'New', '2026-02-11 07:03:02'),
('CUST_10336', 'New', '2026-02-11 07:03:02'),
('CUST_10337', 'New', '2026-02-11 07:03:02'),
('CUST_10338', 'Returning', '2026-02-11 07:03:02'),
('CUST_10340', 'New', '2026-02-11 07:03:02'),
('CUST_10341', 'New', '2026-02-11 07:03:02'),
('CUST_10342', 'New', '2026-02-11 07:03:02'),
('CUST_10343', 'Returning', '2026-02-11 07:03:02'),
('CUST_10344', 'New', '2026-02-11 07:03:02'),
('CUST_10345', 'New', '2026-02-11 07:03:02');

-- --------------------------------------------------------

--
-- Table structure for table `deliveries`
--

CREATE TABLE `deliveries` (
  `delivery_id` int(11) NOT NULL,
  `order_id` varchar(50) NOT NULL,
  `warehouse` varchar(100) NOT NULL,
  `delivery_date` date DEFAULT NULL,
  `days_to_delivery` int(11) DEFAULT NULL,
  `created_at` timestamp NOT NULL DEFAULT current_timestamp()
) ENGINE=InnoDB DEFAULT CHARSET=utf8mb4 COLLATE=utf8mb4_general_ci;

--
-- Dumping data for table `deliveries`
--

INSERT INTO `deliveries` (`delivery_id`, `order_id`, `warehouse`, `delivery_date`, `days_to_delivery`, `created_at`) VALUES
(1, 'UT-100001', 'Mumbai', '2024-05-10', 4, '2026-02-11 07:03:02'),
(2, 'UT-100005', 'Mumbai', '2024-06-10', 5, '2026-02-11 07:03:02'),
(3, 'UT-100002', 'Delhi', '2024-04-10', 3, '2026-02-11 07:03:02'),
(4, 'UT-100004', 'Mumbai', '2024-08-10', 7, '2026-02-11 07:03:02'),
(5, 'UT-100006', 'Bangalore', '2024-07-10', 5, '2026-02-11 07:03:02'),
(6, 'UT-100007', 'Mumbai', NULL, NULL, '2026-02-11 07:03:02'),
(7, 'UT-100008', 'Delhi', '2024-10-10', 8, '2026-02-11 07:03:02'),
(8, 'UT-100009', 'Mumbai', '2024-09-10', 7, '2026-02-11 07:03:02'),
(9, 'UT-100010', 'Delhi', '2024-11-10', 9, '2026-02-11 07:03:02'),
(10, 'UT-100011', 'Delhi', '2024-10-10', 7, '2026-02-11 07:03:02'),
(11, 'UT-100012', 'Delhi', NULL, NULL, '2026-02-11 07:03:02'),
(12, 'UT-100013', 'Mumbai', '2024-09-10', 6, '2026-02-11 07:03:02'),
(13, 'UT-100014', 'Delhi', '2024-11-10', 8, '2026-02-11 07:03:02'),
(14, 'UT-100015', 'Bangalore', '2024-12-10', 9, '2026-02-11 07:03:02'),
(15, 'UT-100016', 'Delhi', '2024-10-14', 10, '2026-02-11 07:03:02'),
(16, 'UT-100017', 'Delhi', '2024-12-10', 8, '2026-02-11 07:03:02'),
(17, 'UT-100018', 'Mumbai', '2024-10-14', 10, '2026-02-11 07:03:02'),
(18, 'UT-100019', 'Mumbai', '2024-10-13', 9, '2026-02-11 07:03:02'),
(19, 'UT-100020', 'Delhi', NULL, NULL, '2026-02-11 07:03:02'),
(20, 'UT-100021', 'Mumbai', '2024-10-15', 10, '2026-02-11 07:03:02'),
(21, 'UT-100022', 'Mumbai', '2024-10-16', 11, '2026-02-11 07:03:02'),
(22, 'UT-100023', 'Bangalore', '2024-10-17', 12, '2026-02-11 07:03:02'),
(23, 'UT-100024', 'Bangalore', '2024-10-18', 12, '2026-02-11 07:03:02'),
(24, 'UT-100025', 'Bangalore', '2024-10-17', 11, '2026-02-11 07:03:02'),
(25, 'UT-100026', 'Bangalore', '2024-10-18', 12, '2026-02-11 07:03:02'),
(26, 'UT-100027', 'Bangalore', '2024-10-19', 13, '2026-02-11 07:03:02'),
(27, 'UT-100028', 'Mumbai', '2024-10-20', 13, '2026-02-11 07:03:02'),
(28, 'UT-100029', 'Mumbai', NULL, NULL, '2026-02-11 07:03:02'),
(29, 'UT-100030', 'Delhi', '2024-10-20', 13, '2026-02-11 07:03:02'),
(30, 'UT-100031', 'Mumbai', '2024-10-21', 14, '2026-02-11 07:03:02'),
(31, 'UT-100032', 'Delhi', '2024-10-14', 6, '2026-02-11 07:03:02'),
(32, 'UT-100033', 'Delhi', '2024-10-16', 8, '2026-02-11 07:03:02'),
(33, 'UT-100034', 'Bangalore', '2024-10-15', 7, '2026-02-11 07:03:02'),
(34, 'UT-100035', 'Bangalore', '2024-10-17', 9, '2026-02-11 07:03:02'),
(35, 'UT-100036', 'Mumbai', '2024-10-16', 7, '2026-02-11 07:03:02'),
(36, 'UT-100037', 'Mumbai', '2024-10-17', 8, '2026-02-11 07:03:02'),
(37, 'UT-100038', 'Delhi', '2024-10-18', 9, '2026-02-11 07:03:02'),
(38, 'UT-100039', 'Delhi', '2024-10-17', 8, '2026-02-11 07:03:02'),
(39, 'UT-100040', 'Bangalore', '2024-10-19', 9, '2026-02-11 07:03:02'),
(40, 'UT-100041', 'Mumbai', '2024-10-18', 8, '2026-02-11 07:03:02'),
(41, 'UT-100042', 'Delhi', '2024-10-17', 7, '2026-02-11 07:03:02'),
(42, 'UT-100043', 'Delhi', '2024-10-20', 10, '2026-02-11 07:03:02'),
(43, 'UT-100044', 'Delhi', '2024-10-21', 10, '2026-02-11 07:03:02'),
(44, 'UT-100045', 'Delhi', '2024-10-19', 8, '2026-02-11 07:03:02'),
(45, 'UT-100046', 'Mumbai', '2024-10-20', 9, '2026-02-11 07:03:02'),
(46, 'UT-100047', 'Mumbai', NULL, NULL, '2026-02-11 07:03:02'),
(47, 'UT-100048', 'Delhi', '2024-10-22', 10, '2026-02-11 07:03:02'),
(48, 'UT-100049', 'Mumbai', '2024-10-20', 8, '2026-02-11 07:03:02'),
(49, 'UT-100050', 'Mumbai', '2024-10-19', 7, '2026-02-11 07:03:02'),
(50, 'UT-100051', 'Bangalore', '2024-10-22', 10, '2026-02-11 07:03:02'),
(51, 'UT-100052', 'Bangalore', '2024-10-21', 8, '2026-02-11 07:03:02'),
(52, 'UT-100053', 'Bangalore', '2024-10-23', 10, '2026-02-11 07:03:02'),
(53, 'UT-100054', 'Bangalore', '2024-10-22', 9, '2026-02-11 07:03:02'),
(54, 'UT-100055', 'Bangalore', '2024-10-24', 11, '2026-02-11 07:03:02'),
(55, 'UT-100056', 'Mumbai', '2024-10-23', 9, '2026-02-11 07:03:02'),
(56, 'UT-100057', 'Mumbai', '2024-10-22', 8, '2026-02-11 07:03:02'),
(57, 'UT-100058', 'Delhi', '2024-10-25', 11, '2026-02-11 07:03:02'),
(58, 'UT-100059', 'Mumbai', '2024-10-23', 9, '2026-02-11 07:03:02'),
(59, 'UT-100060', 'Delhi', NULL, NULL, '2026-02-11 07:03:02'),
(60, 'UT-100061', 'Delhi', '2024-10-26', 11, '2026-02-11 07:03:02'),
(61, 'UT-100062', 'Bangalore', '2024-10-24', 9, '2026-02-11 07:03:02'),
(62, 'UT-100063', 'Bangalore', '2024-10-27', 12, '2026-02-11 07:03:02'),
(63, 'UT-100064', 'Mumbai', '2024-10-25', 9, '2026-02-11 07:03:02'),
(64, 'UT-100065', 'Mumbai', '2024-10-28', 12, '2026-02-11 07:03:02'),
(65, 'UT-100066', 'Delhi', '2024-10-26', 10, '2026-02-11 07:03:02'),
(66, 'UT-100067', 'Delhi', '2024-10-27', 11, '2026-02-11 07:03:02'),
(67, 'UT-100068', 'Bangalore', '2024-10-28', 11, '2026-02-11 07:03:02'),
(68, 'UT-100069', 'Mumbai', '2024-10-27', 10, '2026-02-11 07:03:02'),
(69, 'UT-100070', 'Delhi', '2024-10-29', 12, '2026-02-11 07:03:02'),
(70, 'UT-100071', 'Delhi', NULL, NULL, '2026-02-11 07:03:02'),
(71, 'UT-100072', 'Delhi', '2024-10-28', 10, '2026-02-11 07:03:02'),
(72, 'UT-100073', 'Delhi', '2024-10-30', 12, '2026-02-11 07:03:02'),
(73, 'UT-100074', 'Mumbai', '2024-10-27', 9, '2026-02-11 07:03:02'),
(74, 'UT-100075', 'Mumbai', '2024-10-30', 12, '2026-02-11 07:03:02'),
(75, 'UT-100076', 'Delhi', '2024-10-31', 12, '2026-02-11 07:03:02'),
(76, 'UT-100077', 'Mumbai', '2024-10-29', 10, '2026-02-11 07:03:02'),
(77, 'UT-100078', 'Mumbai', '2024-01-11', 13, '2026-02-11 07:03:02'),
(78, 'UT-100079', 'Bangalore', '2024-10-30', 11, '2026-02-11 07:03:02'),
(79, 'UT-100080', 'Bangalore', '2024-10-31', 11, '2026-02-11 07:03:02'),
(80, 'UT-100081', 'Bangalore', '2024-02-11', 13, '2026-02-11 07:03:02'),
(81, 'UT-100082', 'Bangalore', '2024-10-30', 10, '2026-02-11 07:03:02'),
(82, 'UT-100083', 'Bangalore', '2024-03-11', 14, '2026-02-11 07:03:02'),
(83, 'UT-100084', 'Mumbai', NULL, NULL, '2026-02-11 07:03:02'),
(84, 'UT-100085', 'Mumbai', '2024-02-11', 12, '2026-02-11 07:03:02'),
(85, 'UT-100086', 'Delhi', '2024-01-11', 11, '2026-02-11 07:03:02'),
(86, 'UT-100087', 'Mumbai', '2024-02-11', 12, '2026-02-11 07:03:02'),
(87, 'UT-100088', 'Delhi', '2024-04-11', 13, '2026-02-11 07:03:02'),
(88, 'UT-100089', 'Delhi', '2024-01-11', 10, '2026-02-11 07:03:02'),
(89, 'UT-100090', 'Bangalore', '2024-03-11', 12, '2026-02-11 07:03:02'),
(90, 'UT-100091', 'Bangalore', NULL, NULL, '2026-02-11 07:03:02'),
(91, 'UT-100092', 'Mumbai', '2024-03-11', 11, '2026-02-11 07:03:02'),
(92, 'UT-100093', 'Mumbai', '2024-05-11', 13, '2026-02-11 07:03:02'),
(93, 'UT-100094', 'Delhi', '2024-02-11', 10, '2026-02-11 07:03:02'),
(94, 'UT-100095', 'Delhi', '2024-05-11', 13, '2026-02-11 07:03:02'),
(95, 'UT-100096', 'Bangalore', '2024-04-11', 11, '2026-02-11 07:03:02'),
(96, 'UT-100097', 'Mumbai', '2024-06-11', 13, '2026-02-11 07:03:02'),
(97, 'UT-100098', 'Delhi', '2024-05-11', 12, '2026-02-11 07:03:02'),
(98, 'UT-100099', 'Delhi', '2024-04-11', 11, '2026-02-11 07:03:02'),
(99, 'UT-100100', 'Delhi', '2024-07-11', 13, '2026-02-11 07:03:02'),
(100, 'UT-100101', 'Delhi', '2024-06-11', 12, '2026-02-11 07:03:02'),
(101, 'UT-100102', 'Mumbai', '2024-05-11', 11, '2026-02-11 07:03:02'),
(102, 'UT-100103', 'Mumbai', '2024-08-11', 14, '2026-02-11 07:03:02'),
(103, 'UT-100104', 'Delhi', NULL, NULL, '2026-02-11 07:03:02'),
(104, 'UT-100105', 'Mumbai', '2024-07-11', 12, '2026-02-11 07:03:02'),
(105, 'UT-100106', 'Mumbai', '2024-08-11', 13, '2026-02-11 07:03:02'),
(106, 'UT-100107', 'Bangalore', '2024-06-11', 11, '2026-02-11 07:03:02'),
(107, 'UT-100108', 'Bangalore', '2024-09-11', 13, '2026-02-11 07:03:02'),
(108, 'UT-100109', 'Bangalore', '2024-07-11', 11, '2026-02-11 07:03:02'),
(109, 'UT-100110', 'Bangalore', '2024-08-11', 12, '2026-02-11 07:03:02'),
(110, 'UT-100111', 'Delhi', '2024-02-11', 5, '2026-02-11 07:03:02'),
(111, 'UT-100112', 'Mumbai', '2024-03-11', 6, '2026-02-11 07:03:02'),
(112, 'UT-100113', 'Delhi', '2024-04-11', 7, '2026-02-11 07:03:02'),
(113, 'UT-100114', 'Delhi', '2024-03-11', 6, '2026-02-11 07:03:02'),
(114, 'UT-100115', 'Bangalore', NULL, NULL, '2026-02-11 07:03:02'),
(115, 'UT-100116', 'Bangalore', '2024-05-11', 7, '2026-02-11 07:03:02'),
(116, 'UT-100117', 'Mumbai', '2024-06-11', 8, '2026-02-11 07:03:02'),
(117, 'UT-100118', 'Delhi', '2024-07-11', 9, '2026-02-11 07:03:02'),
(118, 'UT-100119', 'Mumbai', '2024-06-11', 8, '2026-02-11 07:03:02'),
(119, 'UT-100120', 'Delhi', '2024-08-11', 10, '2026-02-11 07:03:02'),
(120, 'UT-100121', 'Bangalore', '2024-07-11', 9, '2026-02-11 07:03:02'),
(121, 'UT-100122', 'Mumbai', '2024-08-11', 9, '2026-02-11 07:03:02'),
(122, 'UT-100123', 'Mumbai', '2024-09-11', 10, '2026-02-11 07:03:02'),
(123, 'UT-100124', 'Delhi', '2024-10-11', 11, '2026-02-11 07:03:02'),
(124, 'UT-100125', 'Delhi', '2024-10-11', 11, '2026-02-11 07:03:02'),
(125, 'UT-100126', 'Delhi', '2024-12-11', 13, '2026-02-11 07:03:02'),
(126, 'UT-100127', 'Delhi', '2024-11-11', 11, '2026-02-11 07:03:02'),
(127, 'UT-100128', 'Delhi', '2024-12-11', 12, '2026-02-11 07:03:02'),
(128, 'UT-100129', 'Delhi', '2024-11-13', 13, '2026-02-11 07:03:02'),
(129, 'UT-100130', 'Delhi', NULL, NULL, '2026-02-11 07:03:02'),
(130, 'UT-100131', 'Mumbai', '2024-12-11', 12, '2026-02-11 07:03:02'),
(131, 'UT-100132', 'Mumbai', '2024-10-11', 9, '2026-02-11 07:03:02'),
(132, 'UT-100133', 'Delhi', '2024-11-11', 10, '2026-02-11 07:03:02'),
(133, 'UT-100134', 'Mumbai', '2024-11-13', 12, '2026-02-11 07:03:02'),
(134, 'UT-100135', 'Mumbai', '2024-11-11', 10, '2026-02-11 07:03:02'),
(135, 'UT-100136', 'Bangalore', '2024-12-11', 10, '2026-02-11 07:03:02'),
(136, 'UT-100137', 'Bangalore', '2024-11-14', 12, '2026-02-11 07:03:02'),
(137, 'UT-100138', 'Bangalore', '2024-11-13', 11, '2026-02-11 07:03:02'),
(138, 'UT-100139', 'Bangalore', '2024-11-15', 13, '2026-02-11 07:03:02'),
(139, 'UT-100140', 'Bangalore', '2024-11-14', 11, '2026-02-11 07:03:02'),
(140, 'UT-100141', 'Mumbai', '2024-11-15', 12, '2026-02-11 07:03:02'),
(141, 'UT-100142', 'Mumbai', '2024-11-16', 13, '2026-02-11 07:03:02'),
(142, 'UT-100143', 'Delhi', '2024-11-15', 12, '2026-02-11 07:03:02'),
(143, 'UT-100144', 'Mumbai', '2024-11-17', 13, '2026-02-11 07:03:02'),
(144, 'UT-100145', 'Delhi', '2024-11-16', 12, '2026-02-11 07:03:02'),
(145, 'UT-100146', 'Delhi', '2024-11-17', 13, '2026-02-11 07:03:02'),
(146, 'UT-100147', 'Bangalore', '2024-11-18', 13, '2026-02-11 07:03:02'),
(147, 'UT-100148', 'Bangalore', '2024-11-17', 12, '2026-02-11 07:03:02'),
(148, 'UT-100149', 'Mumbai', '2024-11-19', 14, '2026-02-11 07:03:02'),
(149, 'UT-100150', 'Mumbai', '2024-11-18', 13, '2026-02-11 07:03:02'),
(150, 'UT-100151', 'Delhi', '2024-11-19', 13, '2026-02-11 07:03:02'),
(151, 'UT-100152', 'Delhi', '2024-11-20', 14, '2026-02-11 07:03:02'),
(152, 'UT-100153', 'Bangalore', '2024-11-18', 12, '2026-02-11 07:03:02'),
(153, 'UT-100154', 'Mumbai', '2024-11-21', 14, '2026-02-11 07:03:02'),
(154, 'UT-100155', 'Delhi', '2024-11-19', 12, '2026-02-11 07:03:02'),
(155, 'UT-100156', 'Delhi', '2024-11-20', 13, '2026-02-11 07:03:02'),
(156, 'UT-100157', 'Delhi', '2024-11-22', 14, '2026-02-11 07:03:02'),
(157, 'UT-100158', 'Delhi', '2024-11-20', 12, '2026-02-11 07:03:02'),
(158, 'UT-100159', 'Mumbai', '2024-11-23', 15, '2026-02-11 07:03:02'),
(159, 'UT-100160', 'Mumbai', '2024-11-21', 12, '2026-02-11 07:03:02'),
(160, 'UT-100161', 'Delhi', NULL, NULL, '2026-02-11 07:03:02'),
(161, 'UT-100162', 'Mumbai', '2024-11-24', 15, '2026-02-11 07:03:02'),
(162, 'UT-100163', 'Mumbai', '2024-11-22', 12, '2026-02-11 07:03:02'),
(163, 'UT-100164', 'Bangalore', '2024-11-25', 46, '2026-02-11 07:03:02'),
(164, 'UT-100165', 'Bangalore', '2024-11-23', 13, '2026-02-11 07:03:02'),
(165, 'UT-100166', 'Bangalore', '2024-11-24', 13, '2026-02-11 07:03:02'),
(166, 'UT-100167', 'Bangalore', '2024-11-26', 15, '2026-02-11 07:03:02'),
(167, 'UT-100168', 'Bangalore', '2024-11-24', 13, '2026-02-11 07:03:02'),
(168, 'UT-100169', 'Mumbai', '2024-11-27', 15, '2026-02-11 07:03:02'),
(169, 'UT-100170', 'Mumbai', '2024-11-25', 13, '2026-02-11 07:03:02'),
(170, 'UT-100171', 'Delhi', '2024-11-26', 14, '2026-02-11 07:03:02'),
(171, 'UT-100172', 'Mumbai', '2024-11-28', 15, '2026-02-11 07:03:02'),
(172, 'UT-100173', 'Delhi', '2024-11-26', 13, '2026-02-11 07:03:02'),
(173, 'UT-100174', 'Delhi', NULL, NULL, '2026-02-11 07:03:02'),
(174, 'UT-100175', 'Bangalore', '2024-11-27', 13, '2026-02-11 07:03:02'),
(175, 'UT-100176', 'Bangalore', '2024-11-28', 14, '2026-02-11 07:03:02'),
(176, 'UT-100177', 'Mumbai', '2024-11-29', 15, '2026-02-11 07:03:02'),
(177, 'UT-100178', 'Mumbai', '2024-11-28', 13, '2026-02-11 07:03:02'),
(178, 'UT-100179', 'Delhi', '2024-11-30', 15, '2026-02-11 07:03:02'),
(179, 'UT-100180', 'Delhi', '2024-11-28', 13, '2026-02-11 07:03:02'),
(180, 'UT-100181', 'Bangalore', '2024-11-29', 13, '2026-02-11 07:03:02'),
(181, 'UT-100182', 'Mumbai', '2024-01-12', 15, '2026-02-11 07:03:02'),
(182, 'UT-100183', 'Delhi', '2024-11-29', 13, '2026-02-11 07:03:02'),
(183, 'UT-100184', 'Delhi', '2024-02-12', 15, '2026-02-11 07:03:02'),
(184, 'UT-100185', 'Delhi', '2024-11-30', 13, '2026-02-11 07:03:02'),
(185, 'UT-100186', 'Delhi', '2024-01-12', 14, '2026-02-11 07:03:02'),
(186, 'UT-100187', 'Mumbai', '2024-03-12', 15, '2026-02-11 07:03:02'),
(187, 'UT-100188', 'Mumbai', '2024-01-12', 13, '2026-02-11 07:03:02'),
(188, 'UT-100189', 'Delhi', '2024-04-12', 16, '2026-02-11 07:03:02'),
(189, 'UT-100190', 'Mumbai', '2024-02-12', 13, '2026-02-11 07:03:02'),
(190, 'UT-100191', 'Mumbai', NULL, NULL, '2026-02-11 07:03:02'),
(191, 'UT-100192', 'Bangalore', '2024-05-12', 16, '2026-02-11 07:03:02'),
(192, 'UT-100193', 'Bangalore', '2024-03-12', 13, '2026-02-11 07:03:02'),
(193, 'UT-100194', 'Bangalore', '2024-06-12', 16, '2026-02-11 07:03:02'),
(194, 'UT-100195', 'Bangalore', '2024-04-12', 14, '2026-02-11 07:03:02'),
(195, 'UT-100196', 'Bangalore', '2024-05-12', 14, '2026-02-11 07:03:02'),
(196, 'UT-100197', 'Mumbai', '2024-07-12', 16, '2026-02-11 07:03:02'),
(197, 'UT-100198', 'Mumbai', '2024-05-12', 14, '2026-02-11 07:03:02'),
(198, 'UT-100199', 'Delhi', '2024-08-12', 16, '2026-02-11 07:03:02'),
(199, 'UT-100200', 'Mumbai', '2024-06-12', 14, '2026-02-11 07:03:02'),
(200, 'UT-100201', 'Delhi', '2024-07-12', 15, '2026-02-11 07:03:02'),
(201, 'UT-100202', 'Delhi', '2024-09-12', 16, '2026-02-11 07:03:02'),
(202, 'UT-100203', 'Bangalore', '2024-07-12', 14, '2026-02-11 07:03:02'),
(203, 'UT-100204', 'Bangalore', '2024-10-12', 17, '2026-02-11 07:03:02'),
(204, 'UT-100205', 'Mumbai', '2024-08-12', 14, '2026-02-11 07:03:02'),
(205, 'UT-100206', 'Mumbai', '2024-09-12', 15, '2026-02-11 07:03:02'),
(206, 'UT-100207', 'Delhi', '2024-11-12', 17, '2026-02-11 07:03:02'),
(207, 'UT-100208', 'Delhi', '2024-09-12', 14, '2026-02-11 07:03:02'),
(208, 'UT-100209', 'Bangalore', '2024-12-12', 17, '2026-02-11 07:03:02'),
(209, 'UT-100210', 'Mumbai', '2024-10-12', 15, '2026-02-11 07:03:02'),
(210, 'UT-100211', 'Delhi', '2024-11-12', 15, '2026-02-11 07:03:02'),
(211, 'UT-100212', 'Delhi', '2024-12-13', 17, '2026-02-11 07:03:02'),
(212, 'UT-100213', 'Delhi', '2024-11-12', 15, '2026-02-11 07:03:02'),
(213, 'UT-100214', 'Delhi', '2024-12-14', 17, '2026-02-11 07:03:02'),
(214, 'UT-100215', 'Mumbai', '2024-12-12', 15, '2026-02-11 07:03:02'),
(215, 'UT-100216', 'Mumbai', '2024-12-13', 16, '2026-02-11 07:03:02'),
(216, 'UT-100217', 'Delhi', '2024-12-15', 17, '2026-02-11 07:03:02'),
(217, 'UT-100218', 'Mumbai', '2024-12-13', 15, '2026-02-11 07:03:02'),
(218, 'UT-100219', 'Mumbai', '2024-12-16', 18, '2026-02-11 07:03:02'),
(219, 'UT-100220', 'Bangalore', '2024-12-14', 15, '2026-02-11 07:03:02'),
(220, 'UT-100221', 'Bangalore', NULL, NULL, '2026-02-11 07:03:02'),
(221, 'UT-100222', 'Bangalore', '2024-12-17', 18, '2026-02-11 07:03:02'),
(222, 'UT-100223', 'Bangalore', '2024-12-15', 15, '2026-02-11 07:03:02'),
(223, 'UT-100224', 'Bangalore', '2024-12-18', 18, '2026-02-11 07:03:02'),
(224, 'UT-100225', 'Mumbai', '2024-12-16', 16, '2026-02-11 07:03:02'),
(225, 'UT-100226', 'Mumbai', '2024-06-12', 5, '2026-02-11 07:03:02'),
(226, 'UT-100227', 'Delhi', '2024-08-12', 7, '2026-02-11 07:03:02'),
(227, 'UT-100228', 'Delhi', '2024-07-12', 6, '2026-02-11 07:03:02'),
(228, 'UT-100229', 'Delhi', '2024-09-12', 8, '2026-02-11 07:03:02'),
(229, 'UT-100230', 'Delhi', '2024-09-12', 7, '2026-02-11 07:03:02'),
(230, 'UT-100231', 'Delhi', '2024-10-12', 8, '2026-02-11 07:03:02'),
(231, 'UT-100232', 'Delhi', '2024-11-12', 9, '2026-02-11 07:03:02'),
(232, 'UT-100233', 'Delhi', '2024-10-12', 8, '2026-02-11 07:03:02'),
(233, 'UT-100234', 'Delhi', '2024-12-12', 9, '2026-02-11 07:03:02'),
(234, 'UT-100235', 'Delhi', '2024-12-12', 9, '2026-02-11 07:03:02'),
(235, 'UT-100236', 'Delhi', '2024-12-14', 11, '2026-02-11 07:03:02'),
(236, 'UT-100237', 'Delhi', '2024-12-14', 11, '2026-02-11 07:03:02'),
(237, 'UT-100238', 'Bangalore', '2024-12-13', 9, '2026-02-11 07:03:02'),
(238, 'UT-100239', 'Bangalore', '2024-12-13', 9, '2026-02-11 07:03:02'),
(239, 'UT-100240', 'Mumbai', '2024-12-14', 10, '2026-02-11 07:03:02'),
(240, 'UT-100241', 'Mumbai', '2024-12-13', 9, '2026-02-11 07:03:02'),
(241, 'UT-100242', 'Bangalore', '2024-12-15', 10, '2026-02-11 07:03:02'),
(242, 'UT-100243', 'Delhi', '2024-12-17', 12, '2026-02-11 07:03:02'),
(243, 'UT-100244', 'Bangalore', '2024-12-16', 11, '2026-02-11 07:03:02'),
(244, 'UT-100245', 'Bangalore', '2024-12-16', 11, '2026-02-11 07:03:02'),
(245, 'UT-100246', 'Mumbai', '2024-12-18', 12, '2026-02-11 07:03:02'),
(246, 'UT-100247', 'Delhi', '2024-12-18', 12, '2026-02-11 07:03:02'),
(247, 'UT-100248', 'Delhi', '2024-12-19', 13, '2026-02-11 07:03:02'),
(248, 'UT-100249', 'Delhi', '2024-12-19', 13, '2026-02-11 07:03:02'),
(249, 'UT-100250', 'Mumbai', NULL, NULL, '2026-02-11 07:03:02'),
(250, 'UT-100251', 'Mumbai', '2024-12-20', 13, '2026-02-11 07:03:02'),
(251, 'UT-100252', 'Delhi', '2024-12-21', 14, '2026-02-11 07:03:02'),
(252, 'UT-100253', 'Bangalore', '2024-12-21', 14, '2026-02-11 07:03:02'),
(253, 'UT-100254', 'Mumbai', '2024-12-22', 14, '2026-02-11 07:03:02'),
(254, 'UT-100255', 'Mumbai', '2024-12-22', 14, '2026-02-11 07:03:02'),
(255, 'UT-100256', 'Mumbai', '2024-12-23', 15, '2026-02-11 07:03:02'),
(256, 'UT-100257', 'Mumbai', '2024-12-23', 15, '2026-02-11 07:03:02'),
(257, 'UT-100258', 'Delhi', '2024-12-24', 15, '2026-02-11 07:03:02'),
(258, 'UT-100259', 'Mumbai', '2024-12-23', 14, '2026-02-11 07:03:02'),
(259, 'UT-100260', 'Delhi', '2024-12-24', 15, '2026-02-11 07:03:02'),
(260, 'UT-100261', 'Delhi', '2024-12-25', 15, '2026-02-11 07:03:02'),
(261, 'UT-100262', 'Delhi', '2024-12-25', 15, '2026-02-11 07:03:02'),
(262, 'UT-100263', 'Delhi', '2024-12-26', 16, '2026-02-11 07:03:02'),
(263, 'UT-100264', 'Mumbai', '2024-12-25', 15, '2026-02-11 07:03:02'),
(264, 'UT-100265', 'Mumbai', '2024-12-26', 16, '2026-02-11 07:03:02'),
(265, 'UT-100266', 'Delhi', '2024-12-27', 16, '2026-02-11 07:03:02'),
(266, 'UT-100267', 'Mumbai', '2024-12-27', 16, '2026-02-11 07:03:02'),
(267, 'UT-100268', 'Mumbai', '2024-12-28', 17, '2026-02-11 07:03:02'),
(268, 'UT-100269', 'Bangalore', '2024-12-27', 16, '2026-02-11 07:03:02'),
(269, 'UT-100270', 'Bangalore', '2024-12-28', 16, '2026-02-11 07:03:02'),
(270, 'UT-100271', 'Bangalore', '2024-12-29', 17, '2026-02-11 07:03:02'),
(271, 'UT-100272', 'Bangalore', '2024-12-29', 17, '2026-02-11 07:03:02'),
(272, 'UT-100273', 'Bangalore', NULL, NULL, '2026-02-11 07:03:02'),
(273, 'UT-100274', 'Mumbai', '2024-12-29', 16, '2026-02-11 07:03:02'),
(274, 'UT-100275', 'Mumbai', '2024-12-30', 17, '2026-02-11 07:03:02'),
(275, 'UT-100276', 'Delhi', '2024-12-31', 18, '2026-02-11 07:03:02'),
(276, 'UT-100277', 'Mumbai', '2024-12-30', 17, '2026-02-11 07:03:02'),
(277, 'UT-100278', 'Delhi', '2024-12-31', 17, '2026-02-11 07:03:02'),
(278, 'UT-100279', 'Delhi', '2024-12-30', 16, '2026-02-11 07:03:02'),
(279, 'UT-100280', 'Bangalore', '2024-12-31', 17, '2026-02-11 07:03:02'),
(280, 'UT-100281', 'Bangalore', '2025-02-01', 19, '2026-02-11 07:03:02'),
(281, 'UT-100282', 'Mumbai', '2025-02-01', 18, '2026-02-11 07:03:02'),
(282, 'UT-100283', 'Mumbai', '2025-03-01', 19, '2026-02-11 07:03:02'),
(283, 'UT-100284', 'Delhi', '2025-02-01', 18, '2026-02-11 07:03:02'),
(284, 'UT-100285', 'Delhi', '2025-03-01', 19, '2026-02-11 07:03:02'),
(285, 'UT-100286', 'Bangalore', '2025-04-01', 19, '2026-02-11 07:03:02'),
(286, 'UT-100287', 'Mumbai', '2025-04-01', 19, '2026-02-11 07:03:02'),
(287, 'UT-100288', 'Delhi', '2025-05-01', 20, '2026-02-11 07:03:02'),
(288, 'UT-100289', 'Delhi', '2025-04-01', 19, '2026-02-11 07:03:02'),
(289, 'UT-100290', 'Delhi', '2025-05-01', 19, '2026-02-11 07:03:02'),
(290, 'UT-100291', 'Delhi', '2025-06-01', 20, '2026-02-11 07:03:02'),
(291, 'UT-100292', 'Mumbai', '2025-06-01', 20, '2026-02-11 07:03:02'),
(292, 'UT-100293', 'Mumbai', '2025-07-01', 21, '2026-02-11 07:03:02'),
(293, 'UT-100294', 'Delhi', '2025-06-01', 19, '2026-02-11 07:03:02'),
(294, 'UT-100295', 'Mumbai', '2025-07-01', 20, '2026-02-11 07:03:02'),
(295, 'UT-100296', 'Mumbai', '2025-08-01', 21, '2026-02-11 07:03:02'),
(296, 'UT-100297', 'Bangalore', '2025-08-01', 21, '2026-02-11 07:03:02'),
(297, 'UT-100298', 'Bangalore', '2025-09-01', 21, '2026-02-11 07:03:02'),
(298, 'UT-100299', 'Bangalore', '2025-08-01', 20, '2026-02-11 07:03:02'),
(299, 'UT-100300', 'Bangalore', '2025-09-01', 21, '2026-02-11 07:03:02'),
(300, 'UT-100301', 'Bangalore', '2025-10-01', 22, '2026-02-11 07:03:02'),
(301, 'UT-100302', 'Mumbai', '2025-10-01', 21, '2026-02-11 07:03:02'),
(302, 'UT-100303', 'Mumbai', '2025-11-01', 22, '2026-02-11 07:03:02'),
(303, 'UT-100304', 'Delhi', '2025-10-01', 21, '2026-02-11 07:03:02'),
(304, 'UT-100305', 'Mumbai', '2025-11-01', 22, '2026-02-11 07:03:02'),
(305, 'UT-100306', 'Delhi', '2025-12-01', 22, '2026-02-11 07:03:02'),
(306, 'UT-100307', 'Delhi', '2025-12-01', 22, '2026-02-11 07:03:02'),
(307, 'UT-100308', 'Bangalore', '2025-01-13', 23, '2026-02-11 07:03:02'),
(308, 'UT-100309', 'Bangalore', '2025-12-01', 22, '2026-02-11 07:03:02'),
(309, 'UT-100310', 'Mumbai', '2025-01-13', 22, '2026-02-11 07:03:02'),
(310, 'UT-100311', 'Mumbai', '2025-01-14', 23, '2026-02-11 07:03:02'),
(311, 'UT-100312', 'Delhi', '2025-01-14', 23, '2026-02-11 07:03:02'),
(312, 'UT-100313', 'Delhi', '2025-01-15', 24, '2026-02-11 07:03:02'),
(313, 'UT-100314', 'Bangalore', '2025-01-14', 22, '2026-02-11 07:03:02'),
(314, 'UT-100315', 'Mumbai', '2025-01-15', 23, '2026-02-11 07:03:02'),
(315, 'UT-100316', 'Delhi', '2025-01-16', 24, '2026-02-11 07:03:02'),
(316, 'UT-100317', 'Delhi', '2025-01-16', 24, '2026-02-11 07:03:02'),
(317, 'UT-100318', 'Delhi', '2025-01-17', 24, '2026-02-11 07:03:02'),
(318, 'UT-100319', 'Delhi', '2025-01-16', 23, '2026-02-11 07:03:02'),
(319, 'UT-100320', 'Mumbai', '2025-01-17', 24, '2026-02-11 07:03:02'),
(320, 'UT-100321', 'Mumbai', '2025-01-18', 25, '2026-02-11 07:03:02'),
(321, 'UT-100322', 'Delhi', '2025-01-18', 24, '2026-02-11 07:03:02'),
(322, 'UT-100323', 'Mumbai', '2025-01-19', 25, '2026-02-11 07:03:02'),
(323, 'UT-100324', 'Mumbai', '2025-01-18', 24, '2026-02-11 07:03:02'),
(324, 'UT-100325', 'Bangalore', '2025-01-19', 25, '2026-02-11 07:03:02'),
(325, 'UT-100326', 'Bangalore', '2025-01-20', 25, '2026-02-11 07:03:02'),
(326, 'UT-100327', 'Bangalore', '2025-01-20', 25, '2026-02-11 07:03:02'),
(327, 'UT-100328', 'Bangalore', '2025-01-21', 26, '2026-02-11 07:03:02'),
(328, 'UT-100329', 'Bangalore', '2025-01-20', 25, '2026-02-11 07:03:02'),
(329, 'UT-100330', 'Mumbai', '2025-01-21', 25, '2026-02-11 07:03:02'),
(330, 'UT-100331', 'Mumbai', '2025-01-22', 26, '2026-02-11 07:03:02'),
(331, 'UT-100332', 'Delhi', '2025-01-22', 26, '2026-02-11 07:03:02'),
(332, 'UT-100333', 'Mumbai', '2025-01-23', 27, '2026-02-11 07:03:02'),
(333, 'UT-100334', 'Delhi', '2025-01-22', 25, '2026-02-11 07:03:02'),
(334, 'UT-100335', 'Delhi', '2025-01-23', 26, '2026-02-11 07:03:02'),
(335, 'UT-100336', 'Bangalore', '2025-01-24', 27, '2026-02-11 07:03:02'),
(336, 'UT-100337', 'Bangalore', '2025-01-24', 27, '2026-02-11 07:03:02'),
(337, 'UT-100338', 'Mumbai', '2025-01-25', 27, '2026-02-11 07:03:02'),
(338, 'UT-100339', 'Mumbai', '2025-01-24', 26, '2026-02-11 07:03:02'),
(339, 'UT-100340', 'Delhi', '2025-01-25', 27, '2026-02-11 07:03:02'),
(340, 'UT-100341', 'Delhi', '2025-01-26', 28, '2026-02-11 07:03:02'),
(341, 'UT-100342', 'Bangalore', '2025-01-26', 27, '2026-02-11 07:03:02'),
(342, 'UT-100343', 'Mumbai', '2025-01-27', 28, '2026-02-11 07:03:02'),
(343, 'UT-100344', 'Delhi', '2025-01-26', 27, '2026-02-11 07:03:02'),
(344, 'UT-100345', 'Delhi', '2025-01-27', 28, '2026-02-11 07:03:02'),
(345, 'UT-100346', 'Delhi', '2025-01-28', 28, '2026-02-11 07:03:02');

-- --------------------------------------------------------

--
-- Table structure for table `discounts`
--

CREATE TABLE `discounts` (
  `discount_id` int(11) NOT NULL,
  `discount_code` varchar(50) DEFAULT NULL,
  `discount_percentage` decimal(5,2) NOT NULL,
  `created_at` timestamp NOT NULL DEFAULT current_timestamp()
) ENGINE=InnoDB DEFAULT CHARSET=utf8mb4 COLLATE=utf8mb4_general_ci;

--
-- Dumping data for table `discounts`
--

INSERT INTO `discounts` (`discount_id`, `discount_code`, `discount_percentage`, `created_at`) VALUES
(1, 'DIWALI20', 20.00, '2026-02-11 07:03:02'),
(2, 'FIRST15', 15.00, '2026-02-11 07:03:02'),
(3, 'FLAT10', 10.00, '2026-02-11 07:03:02'),
(4, 'DIWALI40', 40.00, '2026-02-11 07:03:02'),
(5, '2026-11-15 00:00:00', 15.00, '2026-02-11 07:03:02'),
(6, '2026-12-20 00:00:00', 20.00, '2026-02-11 07:03:02');

-- --------------------------------------------------------

--
-- Table structure for table `locations`
--

CREATE TABLE `locations` (
  `location_id` int(11) NOT NULL,
  `city` varchar(100) NOT NULL,
  `state` varchar(100) NOT NULL,
  `created_at` timestamp NOT NULL DEFAULT current_timestamp()
) ENGINE=InnoDB DEFAULT CHARSET=utf8mb4 COLLATE=utf8mb4_general_ci;

--
-- Dumping data for table `locations`
--

INSERT INTO `locations` (`location_id`, `city`, `state`, `created_at`) VALUES
(1, 'Mumbai', 'Maharashtra', '2026-02-11 07:03:02'),
(2, 'Delhi', 'Delhi', '2026-02-11 07:03:02'),
(3, 'Chennai', 'Tamil Nadu', '2026-02-11 07:03:02'),
(4, 'Hyderabad', 'Telangana', '2026-02-11 07:03:02'),
(5, 'Pune', 'Maharashtra', '2026-02-11 07:03:02'),
(6, 'Kolkata', 'West Bengal', '2026-02-11 07:03:02'),
(7, 'Ahmedabad', 'Gujarat', '2026-02-11 07:03:02'),
(8, 'Jaipur', 'Rajasthan', '2026-02-11 07:03:02'),
(9, 'Lucknow', 'Uttar Pradesh', '2026-02-11 07:03:02'),
(10, 'Chandigarh', 'Punjab', '2026-02-11 07:03:02'),
(11, 'Bangalore', 'Karnataka', '2026-02-11 07:03:02'),
(12, 'Noida', 'Uttar Pradesh', '2026-02-11 07:03:02'),
(13, 'Gurgaon', 'Haryana', '2026-02-11 07:03:02'),
(14, 'Indore', 'Madhya Pradesh', '2026-02-11 07:03:02'),
(15, 'Surat', 'Gujarat', '2026-02-11 07:03:02'),
(16, 'Patna', 'Bihar', '2026-02-11 07:03:02'),
(17, 'Bhopal', 'Madhya Pradesh', '2026-02-11 07:03:02'),
(18, 'Nagpur', 'Maharashtra', '2026-02-11 07:03:02'),
(19, 'Coimbatore', 'Tamil Nadu', '2026-02-11 07:03:02'),
(20, 'Kochi', 'Kerala', '2026-02-11 07:03:02'),
(21, 'Vizag', 'Andhra Pradesh', '2026-02-11 07:03:02'),
(22, 'Thiruvananthapuram', 'Kerala', '2026-02-11 07:03:02'),
(23, 'Mysore', 'Karnataka', '2026-02-11 07:03:02'),
(24, 'Vadodara', 'Gujarat', '2026-02-11 07:03:02'),
(25, 'Rajkot', 'Gujarat', '2026-02-11 07:03:02'),
(26, 'Kanpur', 'Uttar Pradesh', '2026-02-11 07:03:02'),
(27, 'Amritsar', 'Punjab', '2026-02-11 07:03:02'),
(28, 'Varanasi', 'Uttar Pradesh', '2026-02-11 07:03:02'),
(29, 'Shimla', 'Himachal Pradesh', '2026-02-11 07:03:02'),
(30, 'Dehradun', 'Uttarakhand', '2026-02-11 07:03:02'),
(31, 'Srinagar', 'Jammu & Kashmir', '2026-02-11 07:03:02'),
(32, 'Manali', 'Himachal Pradesh', '2026-02-11 07:03:02'),
(33, 'Darjeeling', 'West Bengal', '2026-02-11 07:03:02'),
(34, 'Gangtok', 'Sikkim', '2026-02-11 07:03:02'),
(35, 'Shillong', 'Meghalaya', '2026-02-11 07:03:02'),
(36, 'Leh', 'Ladakh', '2026-02-11 07:03:02'),
(37, 'Ooty', 'Tamil Nadu', '2026-02-11 07:03:02'),
(38, 'Munnar', 'Kerala', '2026-02-11 07:03:02'),
(39, 'Goa', 'Goa', '2026-02-11 07:03:02');

-- --------------------------------------------------------

--
-- Table structure for table `orders`
--

CREATE TABLE `orders` (
  `order_id` varchar(50) NOT NULL,
  `customer_id` varchar(50) NOT NULL,
  `location_id` int(11) NOT NULL,
  `discount_id` int(11) DEFAULT NULL,
  `order_date` date NOT NULL,
  `order_month` int(11) NOT NULL,
  `order_week` int(11) NOT NULL,
  `subtotal` decimal(10,2) NOT NULL,
  `discount_amount` decimal(10,2) DEFAULT 0.00,
  `total_amount` decimal(10,2) NOT NULL,
  `payment_method` varchar(50) NOT NULL,
  `source` varchar(50) NOT NULL,
  `status` enum('Delivered','RTO','Cancelled') NOT NULL,
  `created_at` timestamp NOT NULL DEFAULT current_timestamp()
) ENGINE=InnoDB DEFAULT CHARSET=utf8mb4 COLLATE=utf8mb4_general_ci;

--
-- Dumping data for table `orders`
--

INSERT INTO `orders` (`order_id`, `customer_id`, `location_id`, `discount_id`, `order_date`, `order_month`, `order_week`, `subtotal`, `discount_amount`, `total_amount`, `payment_method`, `source`, `status`, `created_at`) VALUES
('UT-100001', 'CUST_10001', 1, NULL, '2024-01-10', 10, 40, 2598.00, 0.00, 2598.00, 'UPI', 'Website', 'Delivered', '2026-02-11 07:03:02'),
('UT-100002', 'CUST_10002', 2, 1, '2024-01-10', 10, 40, 2499.00, 499.80, 1999.20, 'Credit Card', 'Mobile App', 'Delivered', '2026-02-11 07:03:02'),
('UT-100004', 'CUST_10004', 3, 2, '2024-01-10', 10, 40, 3499.00, 524.85, 2974.15, 'Debit Card', 'Instagram Shop', 'Delivered', '2026-02-11 07:03:02'),
('UT-100005', 'CUST_10001', 1, NULL, '2024-01-10', 10, 40, 2397.00, 0.00, 2397.00, 'UPI', 'Website', 'Delivered', '2026-02-11 07:03:02'),
('UT-100006', 'CUST_10005', 4, NULL, '2024-02-10', 10, 40, 3198.00, 0.00, 3198.00, 'Credit Card', 'Mobile App', 'Delivered', '2026-02-11 07:03:02'),
('UT-100007', 'CUST_10006', 5, 1, '2024-02-10', 10, 40, 2199.00, 439.80, 1759.20, 'COD', 'Website', 'Cancelled', '2026-02-11 07:03:02'),
('UT-100008', 'CUST_10007', 6, NULL, '2024-02-10', 10, 40, 2299.00, 0.00, 2299.00, 'UPI', 'Mobile App', 'Delivered', '2026-02-11 07:03:02'),
('UT-100009', 'CUST_10008', 7, NULL, '2024-02-10', 10, 40, 6995.00, 0.00, 6995.00, 'Credit Card', 'Website', 'Delivered', '2026-02-11 07:03:02'),
('UT-100010', 'CUST_10009', 8, NULL, '2024-02-10', 10, 40, 4999.00, 0.00, 4999.00, 'Debit Card', 'Instagram Shop', 'Delivered', '2026-02-11 07:03:02'),
('UT-100011', 'CUST_10010', 9, 3, '2024-03-10', 10, 40, 2598.00, 259.80, 2338.20, 'Wallet', 'Website', 'Delivered', '2026-02-11 07:03:02'),
('UT-100012', 'CUST_10011', 10, NULL, '2024-03-10', 10, 40, 3299.00, 0.00, 3299.00, 'COD', 'Mobile App', 'RTO', '2026-02-11 07:03:02'),
('UT-100013', 'CUST_10012', 1, NULL, '2024-03-10', 10, 40, 2499.00, 0.00, 2499.00, 'Credit Card', 'Website', 'Delivered', '2026-02-11 07:03:02'),
('UT-100014', 'CUST_10013', 2, 1, '2024-03-10', 10, 40, 3598.00, 719.60, 2878.40, 'UPI', 'Instagram Shop', 'Delivered', '2026-02-11 07:03:02'),
('UT-100015', 'CUST_10014', 11, NULL, '2024-03-10', 10, 40, 2799.00, 0.00, 2799.00, 'Debit Card', 'Mobile App', 'Delivered', '2026-02-11 07:03:02'),
('UT-100016', 'CUST_10015', 12, NULL, '2024-04-10', 10, 40, 2396.00, 0.00, 2396.00, 'COD', 'Website', 'Delivered', '2026-02-11 07:03:02'),
('UT-100017', 'CUST_10016', 13, 2, '2024-04-10', 10, 40, 999.00, 149.85, 849.15, 'UPI', 'Mobile App', 'Delivered', '2026-02-11 07:03:02'),
('UT-100018', 'CUST_10017', 14, NULL, '2024-04-10', 10, 40, 2899.00, 0.00, 2899.00, 'Credit Card', 'Website', 'Delivered', '2026-02-11 07:03:02'),
('UT-100019', 'CUST_10018', 15, NULL, '2024-04-10', 10, 40, 2998.00, 0.00, 2998.00, 'Wallet', 'Instagram Shop', 'Delivered', '2026-02-11 07:03:02'),
('UT-100020', 'CUST_10019', 16, 1, '2024-05-10', 10, 40, 3999.00, 799.80, 3199.20, 'COD', 'Website', 'RTO', '2026-02-11 07:03:02'),
('UT-100021', 'CUST_10020', 17, NULL, '2024-05-10', 10, 40, 1699.00, 0.00, 1699.00, 'UPI', 'Mobile App', 'Delivered', '2026-02-11 07:03:02'),
('UT-100022', 'CUST_10021', 18, NULL, '2024-05-10', 10, 40, 2399.00, 0.00, 2399.00, 'Credit Card', 'Website', 'Delivered', '2026-02-11 07:03:02'),
('UT-100023', 'CUST_10022', 19, 3, '2024-05-10', 10, 40, 899.00, 89.90, 809.10, 'Debit Card', 'Mobile App', 'Delivered', '2026-02-11 07:03:02'),
('UT-100024', 'CUST_10023', 20, NULL, '2024-06-10', 10, 41, 3597.00, 0.00, 3597.00, 'COD', 'Instagram Shop', 'Delivered', '2026-02-11 07:03:02'),
('UT-100025', 'CUST_10024', 21, NULL, '2024-06-10', 10, 41, 3598.00, 0.00, 3598.00, 'UPI', 'Website', 'Delivered', '2026-02-11 07:03:02'),
('UT-100026', 'CUST_10025', 22, NULL, '2024-06-10', 10, 41, 2699.00, 0.00, 2699.00, 'Credit Card', 'Mobile App', 'Delivered', '2026-02-11 07:03:02'),
('UT-100027', 'CUST_10026', 23, 3, '2024-06-10', 10, 41, 4599.00, 459.90, 4139.10, 'Debit Card', 'Website', 'Delivered', '2026-02-11 07:03:02'),
('UT-100028', 'CUST_10027', 24, NULL, '2024-07-10', 10, 41, 1099.00, 0.00, 1099.00, 'UPI', 'Instagram Shop', 'Delivered', '2026-02-11 07:03:02'),
('UT-100029', 'CUST_10028', 25, NULL, '2024-07-10', 10, 41, 1899.00, 0.00, 1899.00, 'COD', 'Mobile App', 'RTO', '2026-02-11 07:03:02'),
('UT-100030', 'CUST_10029', 26, 1, '2024-07-10', 10, 41, 2199.00, 439.80, 1759.20, 'Credit Card', 'Website', 'Delivered', '2026-02-11 07:03:02'),
('UT-100031', 'CUST_10030', 1, NULL, '2024-07-10', 10, 41, 5499.00, 0.00, 5499.00, 'Credit Card', 'Mobile App', 'Delivered', '2026-02-11 07:03:02'),
('UT-100032', 'CUST_10031', 2, NULL, '2024-08-10', 10, 41, 1798.00, 0.00, 1798.00, 'UPI', 'Website', 'Delivered', '2026-02-11 07:03:02'),
('UT-100033', 'CUST_10032', 6, 2, '2024-08-10', 10, 41, 6999.00, 1049.85, 5949.15, 'Debit Card', 'Instagram Shop', 'Delivered', '2026-02-11 07:03:02'),
('UT-100034', 'CUST_10033', 3, NULL, '2024-08-10', 10, 41, 2999.00, 0.00, 2999.00, 'Credit Card', 'Mobile App', 'Delivered', '2026-02-11 07:03:02'),
('UT-100035', 'CUST_10034', 4, NULL, '2024-08-10', 10, 41, 1599.00, 0.00, 1599.00, 'COD', 'Website', 'Delivered', '2026-02-11 07:03:02'),
('UT-100036', 'CUST_10035', 5, 1, '2024-09-10', 10, 41, 1999.00, 399.80, 1599.20, 'Wallet', 'Mobile App', 'Delivered', '2026-02-11 07:03:02'),
('UT-100037', 'CUST_10036', 7, NULL, '2024-09-10', 10, 41, 1799.00, 0.00, 1799.00, 'UPI', 'Instagram Shop', 'Delivered', '2026-02-11 07:03:02'),
('UT-100038', 'CUST_10037', 8, NULL, '2024-09-10', 10, 41, 7999.00, 0.00, 7999.00, 'Credit Card', 'Website', 'Delivered', '2026-02-11 07:03:02'),
('UT-100039', 'CUST_10038', 9, 3, '2024-09-10', 10, 41, 1499.00, 149.90, 1349.10, 'Debit Card', 'Mobile App', 'Delivered', '2026-02-11 07:03:02'),
('UT-100040', 'CUST_10039', 11, NULL, '2024-10-10', 10, 41, 1699.00, 0.00, 1699.00, 'COD', 'Website', 'Delivered', '2026-02-11 07:03:02'),
('UT-100041', 'CUST_10040', 1, NULL, '2024-10-10', 10, 41, 2299.00, 0.00, 2299.00, 'UPI', 'Instagram Shop', 'Delivered', '2026-02-11 07:03:02'),
('UT-100042', 'CUST_10041', 2, 1, '2024-10-10', 10, 41, 3198.00, 639.60, 2558.40, 'Credit Card', 'Mobile App', 'Delivered', '2026-02-11 07:03:02'),
('UT-100043', 'CUST_10042', 10, NULL, '2024-10-10', 10, 41, 2499.00, 0.00, 2499.00, 'Wallet', 'Website', 'Delivered', '2026-02-11 07:03:02'),
('UT-100044', 'CUST_10043', 12, NULL, '2024-11-10', 10, 41, 1899.00, 0.00, 1899.00, 'Debit Card', 'Instagram Shop', 'Delivered', '2026-02-11 07:03:02'),
('UT-100045', 'CUST_10044', 13, 2, '2024-11-10', 10, 41, 1999.00, 299.85, 1699.15, 'UPI', 'Mobile App', 'Delivered', '2026-02-11 07:03:02'),
('UT-100046', 'CUST_10045', 14, NULL, '2024-11-10', 10, 41, 2599.00, 0.00, 2599.00, 'Credit Card', 'Website', 'Delivered', '2026-02-11 07:03:02'),
('UT-100047', 'CUST_10046', 15, NULL, '2024-11-10', 10, 41, 1299.00, 0.00, 1299.00, 'COD', 'Instagram Shop', 'RTO', '2026-02-11 07:03:02'),
('UT-100048', 'CUST_10047', 16, 1, '2024-12-10', 10, 41, 5999.00, 1199.80, 4799.20, 'Credit Card', 'Mobile App', 'Delivered', '2026-02-11 07:03:02'),
('UT-100049', 'CUST_10048', 17, NULL, '2024-12-10', 10, 41, 1598.00, 0.00, 1598.00, 'UPI', 'Website', 'Delivered', '2026-02-11 07:03:02'),
('UT-100050', 'CUST_10049', 18, NULL, '2024-12-10', 10, 41, 1998.00, 0.00, 1998.00, 'Wallet', 'Mobile App', 'Delivered', '2026-02-11 07:03:02'),
('UT-100051', 'CUST_10050', 19, NULL, '2024-12-10', 10, 41, 1899.00, 0.00, 1899.00, 'Debit Card', 'Instagram Shop', 'Delivered', '2026-02-11 07:03:02'),
('UT-100052', 'CUST_10051', 20, 3, '2024-10-13', 10, 42, 1699.00, 169.90, 1529.10, 'Credit Card', 'Website', 'Delivered', '2026-02-11 07:03:02'),
('UT-100053', 'CUST_10052', 21, NULL, '2024-10-13', 10, 42, 3799.00, 0.00, 3799.00, 'UPI', 'Mobile App', 'Delivered', '2026-02-11 07:03:02'),
('UT-100054', 'CUST_10053', 22, NULL, '2024-10-13', 10, 42, 1299.00, 0.00, 1299.00, 'COD', 'Instagram Shop', 'Delivered', '2026-02-11 07:03:02'),
('UT-100055', 'CUST_10054', 23, 1, '2024-10-13', 10, 42, 2099.00, 419.80, 1679.20, 'Credit Card', 'Website', 'Delivered', '2026-02-11 07:03:02'),
('UT-100056', 'CUST_10055', 24, NULL, '2024-10-14', 10, 42, 2799.00, 0.00, 2799.00, 'Debit Card', 'Mobile App', 'Delivered', '2026-02-11 07:03:02'),
('UT-100057', 'CUST_10056', 25, NULL, '2024-10-14', 10, 42, 1499.00, 0.00, 1499.00, 'Wallet', 'Website', 'Delivered', '2026-02-11 07:03:02'),
('UT-100058', 'CUST_10057', 26, 2, '2024-10-14', 10, 42, 4499.00, 674.85, 3824.15, 'UPI', 'Instagram Shop', 'Delivered', '2026-02-11 07:03:02'),
('UT-100059', 'CUST_10058', 1, NULL, '2024-10-14', 10, 42, 899.00, 0.00, 899.00, 'Credit Card', 'Mobile App', 'Delivered', '2026-02-11 07:03:02'),
('UT-100060', 'CUST_10059', 2, NULL, '2024-10-15', 10, 42, 1799.00, 0.00, 1799.00, 'COD', 'Website', 'RTO', '2026-02-11 07:03:02'),
('UT-100061', 'CUST_10060', 6, 1, '2024-10-15', 10, 42, 2199.00, 439.80, 1759.20, 'Debit Card', 'Instagram Shop', 'Delivered', '2026-02-11 07:03:02'),
('UT-100062', 'CUST_10061', 3, NULL, '2024-10-15', 10, 42, 1399.00, 0.00, 1399.00, 'UPI', 'Mobile App', 'Delivered', '2026-02-11 07:03:02'),
('UT-100063', 'CUST_10062', 4, NULL, '2024-10-15', 10, 42, 2999.00, 0.00, 2999.00, 'Credit Card', 'Website', 'Delivered', '2026-02-11 07:03:02'),
('UT-100064', 'CUST_10063', 5, 3, '2024-10-16', 10, 42, 1398.00, 139.80, 1258.20, 'Wallet', 'Instagram Shop', 'Delivered', '2026-02-11 07:03:02'),
('UT-100065', 'CUST_10064', 7, NULL, '2024-10-16', 10, 42, 2199.00, 0.00, 2199.00, 'COD', 'Mobile App', 'Delivered', '2026-02-11 07:03:02'),
('UT-100066', 'CUST_10065', 8, NULL, '2024-10-16', 10, 42, 2499.00, 0.00, 2499.00, 'Credit Card', 'Website', 'Delivered', '2026-02-11 07:03:02'),
('UT-100067', 'CUST_10066', 9, 1, '2024-10-16', 10, 42, 1899.00, 379.80, 1519.20, 'UPI', 'Instagram Shop', 'Delivered', '2026-02-11 07:03:02'),
('UT-100068', 'CUST_10067', 11, NULL, '2024-10-17', 10, 42, 1299.00, 0.00, 1299.00, 'Debit Card', 'Mobile App', 'Delivered', '2026-02-11 07:03:02'),
('UT-100069', 'CUST_10068', 1, NULL, '2024-10-17', 10, 42, 1599.00, 0.00, 1599.00, 'Credit Card', 'Website', 'Delivered', '2026-02-11 07:03:02'),
('UT-100070', 'CUST_10069', 2, 2, '2024-10-17', 10, 42, 2099.00, 314.85, 1784.15, 'UPI', 'Instagram Shop', 'Delivered', '2026-02-11 07:03:02'),
('UT-100071', 'CUST_10070', 10, NULL, '2024-10-17', 10, 42, 2299.00, 0.00, 2299.00, 'COD', 'Mobile App', 'RTO', '2026-02-11 07:03:02'),
('UT-100072', 'CUST_10071', 12, NULL, '2024-10-18', 10, 42, 2398.00, 0.00, 2398.00, 'Wallet', 'Website', 'Delivered', '2026-02-11 07:03:02'),
('UT-100073', 'CUST_10072', 13, 1, '2024-10-18', 10, 42, 2599.00, 519.80, 2079.20, 'Credit Card', 'Instagram Shop', 'Delivered', '2026-02-11 07:03:02'),
('UT-100074', 'CUST_10073', 14, NULL, '2024-10-18', 10, 42, 1495.00, 0.00, 1495.00, 'UPI', 'Mobile App', 'Delivered', '2026-02-11 07:03:02'),
('UT-100075', 'CUST_10074', 15, NULL, '2024-10-18', 10, 42, 1899.00, 0.00, 1899.00, 'Debit Card', 'Website', 'Delivered', '2026-02-11 07:03:02'),
('UT-100076', 'CUST_10075', 16, NULL, '2024-10-19', 10, 42, 2199.00, 0.00, 2199.00, 'Credit Card', 'Instagram Shop', 'Delivered', '2026-02-11 07:03:02'),
('UT-100077', 'CUST_10076', 17, 3, '2024-10-19', 10, 42, 1799.00, 179.90, 1619.10, 'COD', 'Mobile App', 'Delivered', '2026-02-11 07:03:02'),
('UT-100078', 'CUST_10077', 18, NULL, '2024-10-19', 10, 42, 4999.00, 0.00, 4999.00, 'UPI', 'Website', 'Delivered', '2026-02-11 07:03:02'),
('UT-100079', 'CUST_10078', 19, NULL, '2024-10-19', 10, 42, 999.00, 0.00, 999.00, 'Wallet', 'Instagram Shop', 'Delivered', '2026-02-11 07:03:02'),
('UT-100080', 'CUST_10079', 20, 1, '2024-10-20', 10, 43, 1499.00, 299.80, 1199.20, 'Credit Card', 'Mobile App', 'Delivered', '2026-02-11 07:03:02'),
('UT-100081', 'CUST_10080', 21, NULL, '2024-10-20', 10, 43, 2899.00, 0.00, 2899.00, 'Debit Card', 'Website', 'Delivered', '2026-02-11 07:03:02'),
('UT-100082', 'CUST_10081', 22, NULL, '2024-10-20', 10, 43, 2198.00, 0.00, 2198.00, 'UPI', 'Instagram Shop', 'Delivered', '2026-02-11 07:03:02'),
('UT-100083', 'CUST_10082', 23, 2, '2024-10-20', 10, 43, 5499.00, 824.85, 4674.15, 'Credit Card', 'Mobile App', 'Delivered', '2026-02-11 07:03:02'),
('UT-100084', 'CUST_10083', 24, NULL, '2024-10-21', 10, 43, 799.00, 0.00, 799.00, 'COD', 'Website', 'RTO', '2026-02-11 07:03:02'),
('UT-100085', 'CUST_10084', 25, NULL, '2024-10-21', 10, 43, 1599.00, 0.00, 1599.00, 'Wallet', 'Instagram Shop', 'Delivered', '2026-02-11 07:03:02'),
('UT-100086', 'CUST_10085', 26, 1, '2024-10-21', 10, 43, 2699.00, 539.80, 2159.20, 'Credit Card', 'Mobile App', 'Delivered', '2026-02-11 07:03:02'),
('UT-100087', 'CUST_10086', 1, NULL, '2024-10-21', 10, 43, 1499.00, 0.00, 1499.00, 'UPI', 'Website', 'Delivered', '2026-02-11 07:03:02'),
('UT-100088', 'CUST_10087', 2, NULL, '2024-10-22', 10, 43, 3299.00, 0.00, 3299.00, 'Debit Card', 'Instagram Shop', 'Delivered', '2026-02-11 07:03:02'),
('UT-100089', 'CUST_10088', 6, 3, '2024-10-22', 10, 43, 998.00, 99.80, 898.20, 'Credit Card', 'Mobile App', 'Delivered', '2026-02-11 07:03:02'),
('UT-100090', 'CUST_10089', 3, NULL, '2024-10-22', 10, 43, 2399.00, 0.00, 2399.00, 'UPI', 'Website', 'Delivered', '2026-02-11 07:03:02'),
('UT-100091', 'CUST_10090', 4, NULL, '2024-10-22', 10, 43, 2599.00, 0.00, 2599.00, 'COD', 'Instagram Shop', 'RTO', '2026-02-11 07:03:02'),
('UT-100092', 'CUST_10091', 5, 1, '2024-10-23', 10, 43, 1399.00, 279.80, 1119.20, 'Wallet', 'Mobile App', 'Delivered', '2026-02-11 07:03:02'),
('UT-100093', 'CUST_10092', 7, NULL, '2024-10-23', 10, 43, 4299.00, 0.00, 4299.00, 'Credit Card', 'Website', 'Delivered', '2026-02-11 07:03:02'),
('UT-100094', 'CUST_10093', 8, NULL, '2024-10-23', 10, 43, 1197.00, 0.00, 1197.00, 'UPI', 'Instagram Shop', 'Delivered', '2026-02-11 07:03:02'),
('UT-100095', 'CUST_10094', 9, 2, '2024-10-23', 10, 43, 2199.00, 329.85, 1869.15, 'Debit Card', 'Mobile App', 'Delivered', '2026-02-11 07:03:02'),
('UT-100096', 'CUST_10095', 11, NULL, '2024-10-24', 10, 43, 2399.00, 0.00, 2399.00, 'Credit Card', 'Website', 'Delivered', '2026-02-11 07:03:02'),
('UT-100097', 'CUST_10096', 1, NULL, '2024-10-24', 10, 43, 1299.00, 0.00, 1299.00, 'COD', 'Instagram Shop', 'Delivered', '2026-02-11 07:03:02'),
('UT-100098', 'CUST_10097', 2, 1, '2024-10-24', 10, 43, 2799.00, 559.80, 2239.20, 'UPI', 'Mobile App', 'Delivered', '2026-02-11 07:03:02'),
('UT-100099', 'CUST_10098', 10, NULL, '2024-10-24', 10, 43, 699.00, 0.00, 699.00, 'Wallet', 'Website', 'Delivered', '2026-02-11 07:03:02'),
('UT-100100', 'CUST_10099', 12, NULL, '2024-10-25', 10, 43, 1699.00, 0.00, 1699.00, 'Debit Card', 'Instagram Shop', 'Delivered', '2026-02-11 07:03:02'),
('UT-100101', 'CUST_10100', 13, 3, '2024-10-25', 10, 43, 2799.00, 279.90, 2519.10, 'Credit Card', 'Mobile App', 'Delivered', '2026-02-11 07:03:02'),
('UT-100102', 'CUST_10101', 14, NULL, '2024-10-25', 10, 43, 2398.00, 0.00, 2398.00, 'UPI', 'Website', 'Delivered', '2026-02-11 07:03:02'),
('UT-100103', 'CUST_10102', 15, NULL, '2024-10-25', 10, 43, 5999.00, 0.00, 5999.00, 'Credit Card', 'Instagram Shop', 'Delivered', '2026-02-11 07:03:02'),
('UT-100104', 'CUST_10103', 16, 1, '2024-10-26', 10, 43, 1799.00, 359.80, 1439.20, 'COD', 'Mobile App', 'RTO', '2026-02-11 07:03:02'),
('UT-100105', 'CUST_10104', 17, NULL, '2024-10-26', 10, 43, 1999.00, 0.00, 1999.00, 'Wallet', 'Website', 'Delivered', '2026-02-11 07:03:02'),
('UT-100106', 'CUST_10105', 18, NULL, '2024-10-26', 10, 43, 2499.00, 0.00, 2499.00, 'Debit Card', 'Instagram Shop', 'Delivered', '2026-02-11 07:03:02'),
('UT-100107', 'CUST_10106', 19, 2, '2024-10-26', 10, 43, 1599.00, 239.85, 1359.15, 'UPI', 'Mobile App', 'Delivered', '2026-02-11 07:03:02'),
('UT-100108', 'CUST_10107', 20, NULL, '2024-10-27', 10, 44, 3999.00, 0.00, 3999.00, 'Credit Card', 'Website', 'Delivered', '2026-02-11 07:03:02'),
('UT-100109', 'CUST_10108', 21, NULL, '2024-10-27', 10, 44, 1198.00, 0.00, 1198.00, 'COD', 'Instagram Shop', 'Delivered', '2026-02-11 07:03:02'),
('UT-100110', 'CUST_10109', 22, 1, '2024-10-27', 10, 44, 1799.00, 359.80, 1439.20, 'UPI', 'Mobile App', 'Delivered', '2026-02-11 07:03:02'),
('UT-100111', 'CUST_10110', 2, 4, '2024-10-28', 10, 44, 3499.00, 1399.60, 2099.40, 'Credit Card', 'Website', 'Delivered', '2026-02-11 07:03:02'),
('UT-100112', 'CUST_10111', 1, 4, '2024-10-28', 10, 44, 5999.00, 2399.60, 3599.40, 'COD', 'Mobile App', 'Delivered', '2026-02-11 07:03:02'),
('UT-100113', 'CUST_10112', 8, 4, '2024-10-28', 10, 44, 4598.00, 1839.20, 2758.80, 'UPI', 'Instagram Shop', 'Delivered', '2026-02-11 07:03:02'),
('UT-100114', 'CUST_10113', 9, 4, '2024-10-28', 10, 44, 1599.00, 639.60, 959.40, 'Credit Card', 'Website', 'Delivered', '2026-02-11 07:03:02'),
('UT-100115', 'CUST_10114', 3, 4, '2024-10-28', 10, 44, 1899.00, 759.60, 1139.40, 'COD', 'Mobile App', 'RTO', '2026-02-11 07:03:02'),
('UT-100116', 'CUST_10115', 4, 4, '2024-10-29', 10, 44, 4299.00, 1719.60, 2579.40, 'Debit Card', 'Website', 'Delivered', '2026-02-11 07:03:02'),
('UT-100117', 'CUST_10116', 5, 4, '2024-10-29', 10, 44, 2599.00, 1039.60, 1559.40, 'UPI', 'Instagram Shop', 'Delivered', '2026-02-11 07:03:02'),
('UT-100118', 'CUST_10117', 27, 4, '2024-10-29', 10, 44, 3999.00, 1599.60, 2399.40, 'Credit Card', 'Mobile App', 'Delivered', '2026-02-11 07:03:02'),
('UT-100119', 'CUST_10118', 7, 4, '2024-10-29', 10, 44, 8999.00, 3599.60, 5399.40, 'Credit Card', 'Website', 'Delivered', '2026-02-11 07:03:02'),
('UT-100120', 'CUST_10119', 6, 4, '2024-10-29', 10, 44, 2598.00, 1039.20, 1558.80, 'COD', 'Instagram Shop', 'Delivered', '2026-02-11 07:03:02'),
('UT-100121', 'CUST_10120', 11, 4, '2024-10-29', 10, 44, 1999.00, 799.60, 1199.40, 'UPI', 'Mobile App', 'Delivered', '2026-02-11 07:03:02'),
('UT-100122', 'CUST_10121', 15, 4, '2024-10-30', 10, 44, 5499.00, 2199.60, 3299.40, 'Wallet', 'Website', 'Delivered', '2026-02-11 07:03:02'),
('UT-100123', 'CUST_10122', 1, 4, '2024-10-30', 10, 44, 6999.00, 2799.60, 4199.40, 'Credit Card', 'Instagram Shop', 'Delivered', '2026-02-11 07:03:02'),
('UT-100124', 'CUST_10123', 2, 4, '2024-10-30', 10, 44, 4999.00, 1999.60, 2999.40, 'Debit Card', 'Mobile App', 'Delivered', '2026-02-11 07:03:02'),
('UT-100125', 'CUST_10124', 28, 4, '2024-10-30', 10, 44, 899.00, 359.60, 539.40, 'UPI', 'Website', 'Delivered', '2026-02-11 07:03:02'),
('UT-100126', 'CUST_10125', 8, 4, '2024-10-30', 10, 44, 3299.00, 1319.60, 1979.40, 'COD', 'Instagram Shop', 'Delivered', '2026-02-11 07:03:02'),
('UT-100127', 'CUST_10126', 9, 4, '2024-10-31', 10, 44, 7499.00, 2999.60, 4499.40, 'Credit Card', 'Website', 'Delivered', '2026-02-11 07:03:02'),
('UT-100128', 'CUST_10127', 10, 4, '2024-10-31', 10, 44, 3299.00, 1319.60, 1979.40, 'UPI', 'Mobile App', 'Delivered', '2026-02-11 07:03:02'),
('UT-100129', 'CUST_10128', 12, 4, '2024-10-31', 10, 44, 5499.00, 2199.60, 3299.40, 'Debit Card', 'Instagram Shop', 'Delivered', '2026-02-11 07:03:02'),
('UT-100130', 'CUST_10129', 13, 4, '2024-10-31', 10, 44, 1199.00, 479.60, 719.40, 'COD', 'Website', 'RTO', '2026-02-11 07:03:02'),
('UT-100131', 'CUST_10130', 14, 4, '2024-10-31', 10, 44, 2799.00, 1119.60, 1679.40, 'Wallet', 'Mobile App', 'Delivered', '2026-02-11 07:03:02'),
('UT-100132', 'CUST_10131', 15, 4, '2024-01-11', 11, 44, 3899.00, 1559.60, 2339.40, 'Credit Card', 'Instagram Shop', 'Delivered', '2026-02-11 07:03:02'),
('UT-100133', 'CUST_10132', 16, 4, '2024-01-11', 11, 44, 2999.00, 1199.60, 1799.40, 'UPI', 'Website', 'Delivered', '2026-02-11 07:03:02'),
('UT-100134', 'CUST_10133', 17, 4, '2024-01-11', 11, 44, 6499.00, 2599.60, 3899.40, 'Credit Card', 'Mobile App', 'Delivered', '2026-02-11 07:03:02'),
('UT-100135', 'CUST_10134', 18, 4, '2024-01-11', 11, 44, 1998.00, 799.20, 1198.80, 'Debit Card', 'Instagram Shop', 'Delivered', '2026-02-11 07:03:02'),
('UT-100136', 'CUST_10135', 19, 4, '2024-02-11', 11, 44, 2499.00, 999.60, 1499.40, 'COD', 'Website', 'Delivered', '2026-02-11 07:03:02'),
('UT-100137', 'CUST_10136', 20, 4, '2024-02-11', 11, 44, 4599.00, 1839.60, 2759.40, 'UPI', 'Mobile App', 'Delivered', '2026-02-11 07:03:02'),
('UT-100138', 'CUST_10137', 21, 4, '2024-02-11', 11, 44, 1799.00, 719.60, 1079.40, 'Credit Card', 'Instagram Shop', 'Delivered', '2026-02-11 07:03:02'),
('UT-100139', 'CUST_10138', 22, 4, '2024-02-11', 11, 44, 7999.00, 3199.60, 4799.40, 'Wallet', 'Website', 'Delivered', '2026-02-11 07:03:02'),
('UT-100140', 'CUST_10139', 23, 4, '2024-03-11', 11, 45, 2499.00, 999.60, 1499.40, 'Debit Card', 'Mobile App', 'Delivered', '2026-02-11 07:03:02'),
('UT-100141', 'CUST_10140', 24, 4, '2024-03-11', 11, 45, 2299.00, 919.60, 1379.40, 'UPI', 'Instagram Shop', 'Delivered', '2026-02-11 07:03:02'),
('UT-100142', 'CUST_10141', 25, 4, '2024-03-11', 11, 45, 5999.00, 2399.60, 3599.40, 'Credit Card', 'Website', 'Delivered', '2026-02-11 07:03:02'),
('UT-100143', 'CUST_10142', 26, 4, '2024-03-11', 11, 45, 2599.00, 1039.60, 1559.40, 'COD', 'Mobile App', 'Delivered', '2026-02-11 07:03:02'),
('UT-100144', 'CUST_10143', 1, 4, '2024-04-11', 11, 45, 4299.00, 1719.60, 2579.40, 'Credit Card', 'Instagram Shop', 'Delivered', '2026-02-11 07:03:02'),
('UT-100145', 'CUST_10144', 2, 4, '2024-04-11', 11, 45, 799.00, 319.60, 479.40, 'UPI', 'Website', 'Delivered', '2026-02-11 07:03:02'),
('UT-100146', 'CUST_10145', 6, 4, '2024-04-11', 11, 45, 1899.00, 759.60, 1139.40, 'Wallet', 'Mobile App', 'Delivered', '2026-02-11 07:03:02'),
('UT-100147', 'CUST_10146', 3, 4, '2024-05-11', 11, 45, 4899.00, 1959.60, 2939.40, 'Debit Card', 'Instagram Shop', 'Delivered', '2026-02-11 07:03:02'),
('UT-100148', 'CUST_10147', 4, 4, '2024-05-11', 11, 45, 1499.00, 599.60, 899.40, 'Credit Card', 'Website', 'Delivered', '2026-02-11 07:03:02'),
('UT-100149', 'CUST_10148', 5, 4, '2024-05-11', 11, 45, 5699.00, 2279.60, 3419.40, 'UPI', 'Mobile App', 'Delivered', '2026-02-11 07:03:02'),
('UT-100150', 'CUST_10149', 7, 4, '2024-05-11', 11, 45, 2396.00, 958.40, 1437.60, 'COD', 'Instagram Shop', 'Delivered', '2026-02-11 07:03:02'),
('UT-100151', 'CUST_10150', 8, NULL, '2024-06-11', 11, 45, 2999.00, 0.00, 2999.00, 'Credit Card', 'Website', 'Delivered', '2026-02-11 07:03:02'),
('UT-100152', 'CUST_10151', 9, NULL, '2024-06-11', 11, 45, 2799.00, 0.00, 2799.00, 'UPI', 'Mobile App', 'Delivered', '2026-02-11 07:03:02'),
('UT-100153', 'CUST_10152', 11, 5, '2024-06-11', 11, 45, 1699.00, 254.85, 1444.15, 'Debit Card', 'Instagram Shop', 'Delivered', '2026-02-11 07:03:02'),
('UT-100154', 'CUST_10153', 1, NULL, '2024-07-11', 11, 45, 4599.00, 0.00, 4599.00, 'Credit Card', 'Website', 'Delivered', '2026-02-11 07:03:02'),
('UT-100155', 'CUST_10154', 2, NULL, '2024-07-11', 11, 45, 899.00, 0.00, 899.00, 'COD', 'Mobile App', 'Delivered', '2026-02-11 07:03:02'),
('UT-100156', 'CUST_10155', 10, 5, '2024-07-11', 11, 45, 1799.00, 269.85, 1529.15, 'UPI', 'Instagram Shop', 'Delivered', '2026-02-11 07:03:02'),
('UT-100157', 'CUST_10156', 12, NULL, '2024-08-11', 11, 45, 2599.00, 0.00, 2599.00, 'Wallet', 'Website', 'Delivered', '2026-02-11 07:03:02'),
('UT-100158', 'CUST_10157', 13, NULL, '2024-08-11', 11, 45, 1599.00, 0.00, 1599.00, 'Credit Card', 'Mobile App', 'Delivered', '2026-02-11 07:03:02'),
('UT-100159', 'CUST_10158', 14, 5, '2024-08-11', 11, 45, 5299.00, 794.85, 4504.15, 'Debit Card', 'Instagram Shop', 'Delivered', '2026-02-11 07:03:02'),
('UT-100160', 'CUST_10159', 15, NULL, '2024-09-11', 11, 45, 1497.00, 0.00, 1497.00, 'UPI', 'Website', 'Delivered', '2026-02-11 07:03:02'),
('UT-100161', 'CUST_10160', 16, NULL, '2024-09-11', 11, 45, 2099.00, 0.00, 2099.00, 'COD', 'Mobile App', 'RTO', '2026-02-11 07:03:02'),
('UT-100162', 'CUST_10161', 17, 5, '2024-09-11', 11, 45, 2399.00, 359.85, 2039.15, 'Credit Card', 'Instagram Shop', 'Delivered', '2026-02-11 07:03:02'),
('UT-100163', 'CUST_10162', 18, NULL, '2024-10-11', 11, 46, 1799.00, 0.00, 1799.00, 'Wallet', 'Website', 'Delivered', '2026-02-11 07:03:02'),
('UT-100164', 'CUST_10163', 19, NULL, '2024-10-10', 10, 41, 4199.00, 0.00, 4199.00, 'UPI', 'Mobile App', 'Delivered', '2026-02-11 07:03:02'),
('UT-100165', 'CUST_10164', 20, NULL, '2024-10-11', 11, 46, 1398.00, 0.00, 1398.00, 'Debit Card', 'Instagram Shop', 'Delivered', '2026-02-11 07:03:02'),
('UT-100166', 'CUST_10165', 21, 5, '2024-11-11', 11, 46, 1599.00, 239.85, 1359.15, 'Credit Card', 'Website', 'Delivered', '2026-02-11 07:03:02'),
('UT-100167', 'CUST_10166', 22, NULL, '2024-11-11', 11, 46, 2899.00, 0.00, 2899.00, 'COD', 'Mobile App', 'Delivered', '2026-02-11 07:03:02'),
('UT-100168', 'CUST_10167', 23, NULL, '2024-11-11', 11, 46, 2199.00, 0.00, 2199.00, 'UPI', 'Instagram Shop', 'Delivered', '2026-02-11 07:03:02'),
('UT-100169', 'CUST_10168', 24, NULL, '2024-12-11', 11, 46, 5599.00, 0.00, 5599.00, 'Credit Card', 'Website', 'Delivered', '2026-02-11 07:03:02'),
('UT-100170', 'CUST_10169', 25, 5, '2024-12-11', 11, 46, 798.00, 119.70, 678.30, 'Wallet', 'Mobile App', 'Delivered', '2026-02-11 07:03:02'),
('UT-100171', 'CUST_10170', 26, NULL, '2024-12-11', 11, 46, 1899.00, 0.00, 1899.00, 'Debit Card', 'Instagram Shop', 'Delivered', '2026-02-11 07:03:02'),
('UT-100172', 'CUST_10171', 1, NULL, '2024-11-13', 11, 46, 2699.00, 0.00, 2699.00, 'UPI', 'Website', 'Delivered', '2026-02-11 07:03:02'),
('UT-100173', 'CUST_10172', 2, 5, '2024-11-13', 11, 46, 2499.00, 374.85, 2124.15, 'Credit Card', 'Mobile App', 'Delivered', '2026-02-11 07:03:02'),
('UT-100174', 'CUST_10173', 6, NULL, '2024-11-13', 11, 46, 6299.00, 0.00, 6299.00, 'COD', 'Instagram Shop', 'RTO', '2026-02-11 07:03:02'),
('UT-100175', 'CUST_10174', 3, NULL, '2024-11-14', 11, 46, 1599.00, 0.00, 1599.00, 'Wallet', 'Website', 'Delivered', '2026-02-11 07:03:02'),
('UT-100176', 'CUST_10175', 4, NULL, '2024-11-14', 11, 46, 1699.00, 0.00, 1699.00, 'UPI', 'Mobile App', 'Delivered', '2026-02-11 07:03:02'),
('UT-100177', 'CUST_10176', 5, 5, '2024-11-14', 11, 46, 3199.00, 479.85, 2719.15, 'Debit Card', 'Instagram Shop', 'Delivered', '2026-02-11 07:03:02'),
('UT-100178', 'CUST_10177', 7, NULL, '2024-11-15', 11, 46, 2099.00, 0.00, 2099.00, 'Credit Card', 'Website', 'Delivered', '2026-02-11 07:03:02'),
('UT-100179', 'CUST_10178', 8, NULL, '2024-11-15', 11, 46, 6999.00, 0.00, 6999.00, 'UPI', 'Mobile App', 'Delivered', '2026-02-11 07:03:02'),
('UT-100180', 'CUST_10179', 9, NULL, '2024-11-15', 11, 46, 899.00, 0.00, 899.00, 'COD', 'Instagram Shop', 'Delivered', '2026-02-11 07:03:02'),
('UT-100181', 'CUST_10180', 11, 5, '2024-11-16', 11, 46, 1499.00, 224.85, 1274.15, 'Wallet', 'Website', 'Delivered', '2026-02-11 07:03:02'),
('UT-100182', 'CUST_10181', 1, NULL, '2024-11-16', 11, 46, 2999.00, 0.00, 2999.00, 'Debit Card', 'Mobile App', 'Delivered', '2026-02-11 07:03:02'),
('UT-100183', 'CUST_10182', 2, NULL, '2024-11-16', 11, 46, 1899.00, 0.00, 1899.00, 'Credit Card', 'Instagram Shop', 'Delivered', '2026-02-11 07:03:02'),
('UT-100184', 'CUST_10183', 10, NULL, '2024-11-17', 11, 47, 7499.00, 0.00, 7499.00, 'UPI', 'Website', 'Delivered', '2026-02-11 07:03:02'),
('UT-100185', 'CUST_10184', 12, 5, '2024-11-17', 11, 47, 1299.00, 194.85, 1104.15, 'COD', 'Mobile App', 'Delivered', '2026-02-11 07:03:02'),
('UT-100186', 'CUST_10185', 13, NULL, '2024-11-17', 11, 47, 1599.00, 0.00, 1599.00, 'Credit Card', 'Instagram Shop', 'Delivered', '2026-02-11 07:03:02'),
('UT-100187', 'CUST_10186', 14, NULL, '2024-11-18', 11, 47, 3799.00, 0.00, 3799.00, 'Wallet', 'Website', 'Delivered', '2026-02-11 07:03:02'),
('UT-100188', 'CUST_10187', 15, NULL, '2024-11-18', 11, 47, 2299.00, 0.00, 2299.00, 'UPI', 'Mobile App', 'Delivered', '2026-02-11 07:03:02'),
('UT-100189', 'CUST_10188', 16, 5, '2024-11-18', 11, 47, 5999.00, 899.85, 5099.15, 'Debit Card', 'Instagram Shop', 'Delivered', '2026-02-11 07:03:02'),
('UT-100190', 'CUST_10189', 17, NULL, '2024-11-19', 11, 47, 998.00, 0.00, 998.00, 'Credit Card', 'Website', 'Delivered', '2026-02-11 07:03:02'),
('UT-100191', 'CUST_10190', 18, NULL, '2024-11-19', 11, 47, 1799.00, 0.00, 1799.00, 'COD', 'Mobile App', 'RTO', '2026-02-11 07:03:02'),
('UT-100192', 'CUST_10191', 19, NULL, '2024-11-19', 11, 47, 2999.00, 0.00, 2999.00, 'UPI', 'Instagram Shop', 'Delivered', '2026-02-11 07:03:02'),
('UT-100193', 'CUST_10192', 20, 5, '2024-11-20', 11, 47, 2199.00, 329.85, 1869.15, 'Wallet', 'Website', 'Delivered', '2026-02-11 07:03:02'),
('UT-100194', 'CUST_10193', 21, NULL, '2024-11-20', 11, 47, 4899.00, 0.00, 4899.00, 'Debit Card', 'Mobile App', 'Delivered', '2026-02-11 07:03:02'),
('UT-100195', 'CUST_10194', 22, NULL, '2024-11-20', 11, 47, 799.00, 0.00, 799.00, 'Credit Card', 'Instagram Shop', 'Delivered', '2026-02-11 07:03:02'),
('UT-100196', 'CUST_10195', 23, NULL, '2024-11-21', 11, 47, 1999.00, 0.00, 1999.00, 'UPI', 'Website', 'Delivered', '2026-02-11 07:03:02'),
('UT-100197', 'CUST_10196', 24, 5, '2024-11-21', 11, 47, 3499.00, 524.85, 2974.15, 'COD', 'Mobile App', 'Delivered', '2026-02-11 07:03:02'),
('UT-100198', 'CUST_10197', 25, NULL, '2024-11-21', 11, 47, 2599.00, 0.00, 2599.00, 'Credit Card', 'Instagram Shop', 'Delivered', '2026-02-11 07:03:02'),
('UT-100199', 'CUST_10198', 26, NULL, '2024-11-22', 11, 47, 5499.00, 0.00, 5499.00, 'Wallet', 'Website', 'Delivered', '2026-02-11 07:03:02'),
('UT-100200', 'CUST_10199', 1, NULL, '2024-11-22', 11, 47, 999.00, 0.00, 999.00, 'Debit Card', 'Mobile App', 'Delivered', '2026-02-11 07:03:02'),
('UT-100201', 'CUST_10200', 2, 5, '2024-11-22', 11, 47, 1699.00, 254.85, 1444.15, 'UPI', 'Instagram Shop', 'Delivered', '2026-02-11 07:03:02'),
('UT-100202', 'CUST_10201', 6, NULL, '2024-11-23', 11, 47, 2799.00, 0.00, 2799.00, 'Credit Card', 'Website', 'Delivered', '2026-02-11 07:03:02'),
('UT-100203', 'CUST_10202', 3, NULL, '2024-11-23', 11, 47, 2399.00, 0.00, 2399.00, 'COD', 'Mobile App', 'Delivered', '2026-02-11 07:03:02'),
('UT-100204', 'CUST_10203', 4, NULL, '2024-11-23', 11, 47, 6799.00, 0.00, 6799.00, 'UPI', 'Instagram Shop', 'Delivered', '2026-02-11 07:03:02'),
('UT-100205', 'CUST_10204', 5, 5, '2024-11-24', 11, 48, 1499.00, 224.85, 1274.15, 'Wallet', 'Website', 'Delivered', '2026-02-11 07:03:02'),
('UT-100206', 'CUST_10205', 7, NULL, '2024-11-24', 11, 48, 2299.00, 0.00, 2299.00, 'Debit Card', 'Mobile App', 'Delivered', '2026-02-11 07:03:02'),
('UT-100207', 'CUST_10206', 8, NULL, '2024-11-24', 11, 48, 4999.00, 0.00, 4999.00, 'Credit Card', 'Instagram Shop', 'Delivered', '2026-02-11 07:03:02'),
('UT-100208', 'CUST_10207', 9, NULL, '2024-11-25', 11, 48, 2099.00, 0.00, 2099.00, 'UPI', 'Website', 'Delivered', '2026-02-11 07:03:02'),
('UT-100209', 'CUST_10208', 11, 5, '2024-11-25', 11, 48, 5799.00, 869.85, 4929.15, 'COD', 'Mobile App', 'Delivered', '2026-02-11 07:03:02'),
('UT-100210', 'CUST_10209', 1, NULL, '2024-11-25', 11, 48, 1199.00, 0.00, 1199.00, 'Credit Card', 'Instagram Shop', 'Delivered', '2026-02-11 07:03:02'),
('UT-100211', 'CUST_10210', 2, NULL, '2024-11-26', 11, 48, 1899.00, 0.00, 1899.00, 'Wallet', 'Website', 'Delivered', '2026-02-11 07:03:02'),
('UT-100212', 'CUST_10211', 10, NULL, '2024-11-26', 11, 48, 3699.00, 0.00, 3699.00, 'Debit Card', 'Mobile App', 'Delivered', '2026-02-11 07:03:02'),
('UT-100213', 'CUST_10212', 12, 5, '2024-11-26', 11, 48, 2699.00, 404.85, 2294.15, 'UPI', 'Instagram Shop', 'Delivered', '2026-02-11 07:03:02'),
('UT-100214', 'CUST_10213', 13, NULL, '2024-11-27', 11, 48, 4999.00, 0.00, 4999.00, 'Credit Card', 'Website', 'Delivered', '2026-02-11 07:03:02'),
('UT-100215', 'CUST_10214', 14, NULL, '2024-11-27', 11, 48, 1798.00, 0.00, 1798.00, 'COD', 'Mobile App', 'Delivered', '2026-02-11 07:03:02'),
('UT-100216', 'CUST_10215', 15, NULL, '2024-11-27', 11, 48, 1599.00, 0.00, 1599.00, 'UPI', 'Instagram Shop', 'Delivered', '2026-02-11 07:03:02'),
('UT-100217', 'CUST_10216', 16, 5, '2024-11-28', 11, 48, 2599.00, 389.85, 2209.15, 'Wallet', 'Website', 'Delivered', '2026-02-11 07:03:02'),
('UT-100218', 'CUST_10217', 17, NULL, '2024-11-28', 11, 48, 2399.00, 0.00, 2399.00, 'Debit Card', 'Mobile App', 'Delivered', '2026-02-11 07:03:02'),
('UT-100219', 'CUST_10218', 18, NULL, '2024-11-28', 11, 48, 6499.00, 0.00, 6499.00, 'Credit Card', 'Instagram Shop', 'Delivered', '2026-02-11 07:03:02'),
('UT-100220', 'CUST_10219', 19, NULL, '2024-11-29', 11, 48, 998.00, 0.00, 998.00, 'UPI', 'Website', 'Delivered', '2026-02-11 07:03:02'),
('UT-100221', 'CUST_10220', 20, NULL, '2024-11-29', 11, 48, 1999.00, 0.00, 1999.00, 'COD', 'Mobile App', 'RTO', '2026-02-11 07:03:02'),
('UT-100222', 'CUST_10221', 21, 5, '2024-11-29', 11, 48, 5499.00, 824.85, 4674.15, 'Credit Card', 'Instagram Shop', 'Delivered', '2026-02-11 07:03:02'),
('UT-100223', 'CUST_10222', 22, NULL, '2024-11-30', 11, 48, 2799.00, 0.00, 2799.00, 'Wallet', 'Website', 'Delivered', '2026-02-11 07:03:02'),
('UT-100224', 'CUST_10223', 23, NULL, '2024-11-30', 11, 48, 5299.00, 0.00, 5299.00, 'Debit Card', 'Mobile App', 'Delivered', '2026-02-11 07:03:02'),
('UT-100225', 'CUST_10224', 24, NULL, '2024-11-30', 11, 48, 1099.00, 0.00, 1099.00, 'UPI', 'Instagram Shop', 'Delivered', '2026-02-11 07:03:02'),
('UT-100226', 'CUST_10225', 1, 6, '2024-01-12', 12, 49, 2499.00, 499.80, 1999.20, 'Credit Card', 'Website', 'Delivered', '2026-02-11 07:03:02'),
('UT-100227', 'CUST_10226', 2, 6, '2024-01-12', 12, 49, 6499.00, 1299.80, 5199.20, 'COD', 'Mobile App', 'Delivered', '2026-02-11 07:03:02'),
('UT-100228', 'CUST_10227', 10, NULL, '2024-01-12', 12, 49, 1499.00, 0.00, 1499.00, 'UPI', 'Instagram Shop', 'Delivered', '2026-02-11 07:03:02'),
('UT-100229', 'CUST_10228', 27, 6, '2024-01-12', 12, 49, 2899.00, 579.80, 2319.20, 'Debit Card', 'Website', 'Delivered', '2026-02-11 07:03:02'),
('UT-100230', 'CUST_10229', 29, NULL, '2024-02-12', 12, 49, 3198.00, 0.00, 3198.00, 'Credit Card', 'Mobile App', 'Delivered', '2026-02-11 07:03:02'),
('UT-100231', 'CUST_10230', 30, 6, '2024-02-12', 12, 49, 1799.00, 359.80, 1439.20, 'Wallet', 'Instagram Shop', 'Delivered', '2026-02-11 07:03:02'),
('UT-100232', 'CUST_10231', 31, NULL, '2024-02-12', 12, 49, 3299.00, 0.00, 3299.00, 'UPI', 'Website', 'Delivered', '2026-02-11 07:03:02'),
('UT-100233', 'CUST_10232', 32, 6, '2024-02-12', 12, 49, 1198.00, 239.60, 958.40, 'COD', 'Mobile App', 'Delivered', '2026-02-11 07:03:02'),
('UT-100234', 'CUST_10233', 33, NULL, '2024-03-12', 12, 49, 2199.00, 0.00, 2199.00, 'Debit Card', 'Instagram Shop', 'Delivered', '2026-02-11 07:03:02'),
('UT-100235', 'CUST_10234', 34, 6, '2024-03-12', 12, 49, 2499.00, 499.80, 1999.20, 'Credit Card', 'Website', 'Delivered', '2026-02-11 07:03:02'),
('UT-100236', 'CUST_10235', 35, NULL, '2024-03-12', 12, 49, 2999.00, 0.00, 2999.00, 'UPI', 'Mobile App', 'Delivered', '2026-02-11 07:03:02'),
('UT-100237', 'CUST_10236', 36, 6, '2024-03-12', 12, 49, 7999.00, 1599.80, 6399.20, 'Wallet', 'Instagram Shop', 'Delivered', '2026-02-11 07:03:02'),
('UT-100238', 'CUST_10237', 37, NULL, '2024-04-12', 12, 49, 1999.00, 0.00, 1999.00, 'Credit Card', 'Website', 'Delivered', '2026-02-11 07:03:02'),
('UT-100239', 'CUST_10238', 38, 6, '2024-04-12', 12, 49, 998.00, 199.60, 798.40, 'COD', 'Mobile App', 'Delivered', '2026-02-11 07:03:02'),
('UT-100240', 'CUST_10239', 39, NULL, '2024-04-12', 12, 49, 4999.00, 0.00, 4999.00, 'Debit Card', 'Instagram Shop', 'Delivered', '2026-02-11 07:03:02'),
('UT-100241', 'CUST_10240', 1, 6, '2024-04-12', 12, 49, 2299.00, 459.80, 1839.20, 'UPI', 'Website', 'Delivered', '2026-02-11 07:03:02'),
('UT-100242', 'CUST_10241', 11, NULL, '2024-05-12', 12, 49, 2599.00, 0.00, 2599.00, 'Credit Card', 'Mobile App', 'Delivered', '2026-02-11 07:03:02'),
('UT-100243', 'CUST_10242', 2, 6, '2024-05-12', 12, 49, 8999.00, 1799.80, 7199.20, 'Wallet', 'Instagram Shop', 'Delivered', '2026-02-11 07:03:02'),
('UT-100244', 'CUST_10243', 4, NULL, '2024-05-12', 12, 49, 1799.00, 0.00, 1799.00, 'UPI', 'Website', 'Delivered', '2026-02-11 07:03:02'),
('UT-100245', 'CUST_10244', 3, NULL, '2024-05-12', 12, 49, 2199.00, 0.00, 2199.00, 'Debit Card', 'Mobile App', 'Delivered', '2026-02-11 07:03:02'),
('UT-100246', 'CUST_10245', 5, 6, '2024-06-12', 12, 49, 3799.00, 759.80, 3039.20, 'COD', 'Instagram Shop', 'Delivered', '2026-02-11 07:03:02'),
('UT-100247', 'CUST_10246', 6, NULL, '2024-06-12', 12, 49, 2899.00, 0.00, 2899.00, 'Credit Card', 'Website', 'Delivered', '2026-02-11 07:03:02'),
('UT-100248', 'CUST_10247', 8, 6, '2024-06-12', 12, 49, 4599.00, 919.80, 3679.20, 'UPI', 'Mobile App', 'Delivered', '2026-02-11 07:03:02'),
('UT-100249', 'CUST_10248', 9, NULL, '2024-06-12', 12, 49, 2499.00, 0.00, 2499.00, 'Wallet', 'Instagram Shop', 'Delivered', '2026-02-11 07:03:02'),
('UT-100250', 'CUST_10249', 39, NULL, '2024-07-12', 12, 49, 1899.00, 0.00, 1899.00, 'Debit Card', 'Website', 'RTO', '2026-02-11 07:03:02'),
('UT-100251', 'CUST_10250', 1, 6, '2024-07-12', 12, 49, 3299.00, 659.80, 2639.20, 'Credit Card', 'Mobile App', 'Delivered', '2026-02-11 07:03:02'),
('UT-100252', 'CUST_10251', 2, NULL, '2024-07-12', 12, 49, 2199.00, 0.00, 2199.00, 'COD', 'Instagram Shop', 'Delivered', '2026-02-11 07:03:02'),
('UT-100253', 'CUST_10252', 11, 6, '2024-07-12', 12, 49, 5499.00, 1099.80, 4399.20, 'UPI', 'Website', 'Delivered', '2026-02-11 07:03:02'),
('UT-100254', 'CUST_10253', 7, NULL, '2024-08-12', 12, 50, 999.00, 0.00, 999.00, 'Wallet', 'Mobile App', 'Delivered', '2026-02-11 07:03:02'),
('UT-100255', 'CUST_10254', 15, NULL, '2024-08-12', 12, 50, 3398.00, 0.00, 3398.00, 'Debit Card', 'Instagram Shop', 'Delivered', '2026-02-11 07:03:02'),
('UT-100256', 'CUST_10255', 24, 6, '2024-08-12', 12, 50, 2799.00, 559.80, 2239.20, 'Credit Card', 'Website', 'Delivered', '2026-02-11 07:03:02'),
('UT-100257', 'CUST_10256', 25, NULL, '2024-08-12', 12, 50, 2299.00, 0.00, 2299.00, 'UPI', 'Mobile App', 'Delivered', '2026-02-11 07:03:02'),
('UT-100258', 'CUST_10257', 26, NULL, '2024-09-12', 12, 50, 5999.00, 0.00, 5999.00, 'COD', 'Instagram Shop', 'Delivered', '2026-02-11 07:03:02'),
('UT-100259', 'CUST_10258', 1, 6, '2024-09-12', 12, 50, 1798.00, 359.60, 1438.40, 'Wallet', 'Website', 'Delivered', '2026-02-11 07:03:02'),
('UT-100260', 'CUST_10259', 2, NULL, '2024-09-12', 12, 50, 2099.00, 0.00, 2099.00, 'Debit Card', 'Mobile App', 'Delivered', '2026-02-11 07:03:02'),
('UT-100261', 'CUST_10260', 10, NULL, '2024-10-12', 12, 50, 3999.00, 0.00, 3999.00, 'Credit Card', 'Instagram Shop', 'Delivered', '2026-02-11 07:03:02'),
('UT-100262', 'CUST_10261', 12, 6, '2024-10-12', 12, 50, 2499.00, 499.80, 1999.20, 'UPI', 'Website', 'Delivered', '2026-02-11 07:03:02'),
('UT-100263', 'CUST_10262', 13, NULL, '2024-10-12', 12, 50, 4899.00, 0.00, 4899.00, 'COD', 'Mobile App', 'Delivered', '2026-02-11 07:03:02'),
('UT-100264', 'CUST_10263', 14, NULL, '2024-10-12', 12, 50, 1199.00, 0.00, 1199.00, 'Wallet', 'Instagram Shop', 'Delivered', '2026-02-11 07:03:02'),
('UT-100265', 'CUST_10264', 15, 6, '2024-10-12', 12, 50, 1899.00, 379.80, 1519.20, 'Debit Card', 'Website', 'Delivered', '2026-02-11 07:03:02'),
('UT-100266', 'CUST_10265', 16, NULL, '2024-11-12', 12, 50, 3599.00, 0.00, 3599.00, 'Credit Card', 'Mobile App', 'Delivered', '2026-02-11 07:03:02'),
('UT-100267', 'CUST_10266', 17, NULL, '2024-11-12', 12, 50, 2699.00, 0.00, 2699.00, 'UPI', 'Instagram Shop', 'Delivered', '2026-02-11 07:03:02'),
('UT-100268', 'CUST_10267', 18, 6, '2024-11-12', 12, 50, 5599.00, 1119.80, 4479.20, 'COD', 'Website', 'Delivered', '2026-02-11 07:03:02'),
('UT-100269', 'CUST_10268', 19, NULL, '2024-11-12', 12, 50, 1197.00, 0.00, 1197.00, 'Wallet', 'Mobile App', 'Delivered', '2026-02-11 07:03:02'),
('UT-100270', 'CUST_10269', 20, NULL, '2024-12-12', 12, 50, 2199.00, 0.00, 2199.00, 'Debit Card', 'Instagram Shop', 'Delivered', '2026-02-11 07:03:02'),
('UT-100271', 'CUST_10270', 21, 6, '2024-12-12', 12, 50, 4299.00, 859.80, 3439.20, 'Credit Card', 'Website', 'Delivered', '2026-02-11 07:03:02'),
('UT-100272', 'CUST_10271', 22, NULL, '2024-12-12', 12, 50, 2399.00, 0.00, 2399.00, 'UPI', 'Mobile App', 'Delivered', '2026-02-11 07:03:02'),
('UT-100273', 'CUST_10272', 23, NULL, '2024-12-12', 12, 50, 6299.00, 0.00, 6299.00, 'COD', 'Instagram Shop', 'RTO', '2026-02-11 07:03:02'),
('UT-100274', 'CUST_10273', 24, 6, '2024-12-13', 12, 50, 1198.00, 239.60, 958.40, 'Wallet', 'Website', 'Delivered', '2026-02-11 07:03:02'),
('UT-100275', 'CUST_10274', 25, NULL, '2024-12-13', 12, 50, 2399.00, 0.00, 2399.00, 'Debit Card', 'Mobile App', 'Delivered', '2026-02-11 07:03:02'),
('UT-100276', 'CUST_10275', 26, NULL, '2024-12-13', 12, 50, 5999.00, 0.00, 5999.00, 'Credit Card', 'Instagram Shop', 'Delivered', '2026-02-11 07:03:02'),
('UT-100277', 'CUST_10276', 1, 6, '2024-12-13', 12, 50, 1899.00, 379.80, 1519.20, 'UPI', 'Website', 'Delivered', '2026-02-11 07:03:02'),
('UT-100278', 'CUST_10277', 2, NULL, '2024-12-14', 12, 50, 4999.00, 0.00, 4999.00, 'COD', 'Mobile App', 'Delivered', '2026-02-11 07:03:02'),
('UT-100279', 'CUST_10278', 6, NULL, '2024-12-14', 12, 50, 1699.00, 0.00, 1699.00, 'Wallet', 'Instagram Shop', 'Delivered', '2026-02-11 07:03:02'),
('UT-100280', 'CUST_10279', 3, 6, '2024-12-14', 12, 50, 2099.00, 419.80, 1679.20, 'Debit Card', 'Website', 'Delivered', '2026-02-11 07:03:02'),
('UT-100281', 'CUST_10280', 4, NULL, '2024-12-14', 12, 50, 4599.00, 0.00, 4599.00, 'Credit Card', 'Mobile App', 'Delivered', '2026-02-11 07:03:02'),
('UT-100282', 'CUST_10281', 5, NULL, '2024-12-15', 12, 51, 2299.00, 0.00, 2299.00, 'UPI', 'Instagram Shop', 'Delivered', '2026-02-11 07:03:02'),
('UT-100283', 'CUST_10282', 7, 6, '2024-12-15', 12, 51, 5799.00, 1159.80, 4639.20, 'COD', 'Website', 'Delivered', '2026-02-11 07:03:02'),
('UT-100284', 'CUST_10283', 8, NULL, '2024-12-15', 12, 51, 1598.00, 0.00, 1598.00, 'Wallet', 'Mobile App', 'Delivered', '2026-02-11 07:03:02'),
('UT-100285', 'CUST_10284', 9, NULL, '2024-12-15', 12, 51, 1999.00, 0.00, 1999.00, 'Debit Card', 'Instagram Shop', 'Delivered', '2026-02-11 07:03:02'),
('UT-100286', 'CUST_10285', 11, 6, '2024-12-16', 12, 51, 3899.00, 779.80, 3119.20, 'Credit Card', 'Website', 'Delivered', '2026-02-11 07:03:02'),
('UT-100287', 'CUST_10286', 1, NULL, '2024-12-16', 12, 51, 2599.00, 0.00, 2599.00, 'UPI', 'Mobile App', 'Delivered', '2026-02-11 07:03:02'),
('UT-100288', 'CUST_10287', 2, NULL, '2024-12-16', 12, 51, 5299.00, 0.00, 5299.00, 'COD', 'Instagram Shop', 'Delivered', '2026-02-11 07:03:02'),
('UT-100289', 'CUST_10288', 10, 6, '2024-12-16', 12, 51, 1399.00, 279.80, 1119.20, 'Wallet', 'Website', 'Delivered', '2026-02-11 07:03:02'),
('UT-100290', 'CUST_10289', 12, NULL, '2024-12-17', 12, 51, 1799.00, 0.00, 1799.00, 'Debit Card', 'Mobile App', 'Delivered', '2026-02-11 07:03:02'),
('UT-100291', 'CUST_10290', 13, NULL, '2024-12-17', 12, 51, 4199.00, 0.00, 4199.00, 'Credit Card', 'Instagram Shop', 'Delivered', '2026-02-11 07:03:02'),
('UT-100292', 'CUST_10291', 14, 6, '2024-12-17', 12, 51, 2799.00, 559.80, 2239.20, 'UPI', 'Website', 'Delivered', '2026-02-11 07:03:02'),
('UT-100293', 'CUST_10292', 15, NULL, '2024-12-17', 12, 51, 5499.00, 0.00, 5499.00, 'COD', 'Mobile App', 'Delivered', '2026-02-11 07:03:02'),
('UT-100294', 'CUST_10293', 16, NULL, '2024-12-18', 12, 51, 1398.00, 0.00, 1398.00, 'Wallet', 'Instagram Shop', 'Delivered', '2026-02-11 07:03:02'),
('UT-100295', 'CUST_10294', 17, 6, '2024-12-18', 12, 51, 2299.00, 459.80, 1839.20, 'Debit Card', 'Website', 'Delivered', '2026-02-11 07:03:02'),
('UT-100296', 'CUST_10295', 18, NULL, '2024-12-18', 12, 51, 3599.00, 0.00, 3599.00, 'Credit Card', 'Mobile App', 'Delivered', '2026-02-11 07:03:02'),
('UT-100297', 'CUST_10296', 19, NULL, '2024-12-18', 12, 51, 2499.00, 0.00, 2499.00, 'UPI', 'Instagram Shop', 'Delivered', '2026-02-11 07:03:02'),
('UT-100298', 'CUST_10297', 20, 6, '2024-12-19', 12, 51, 6799.00, 1359.80, 5439.20, 'COD', 'Website', 'Delivered', '2026-02-11 07:03:02'),
('UT-100299', 'CUST_10298', 21, NULL, '2024-12-19', 12, 51, 1797.00, 0.00, 1797.00, 'Wallet', 'Mobile App', 'Delivered', '2026-02-11 07:03:02'),
('UT-100300', 'CUST_10299', 22, NULL, '2024-12-19', 12, 51, 1899.00, 0.00, 1899.00, 'Debit Card', 'Instagram Shop', 'Delivered', '2026-02-11 07:03:02'),
('UT-100301', 'CUST_10300', 23, 6, '2024-12-19', 12, 51, 4499.00, 899.80, 3599.20, 'Credit Card', 'Website', 'Delivered', '2026-02-11 07:03:02'),
('UT-100302', 'CUST_10301', 24, NULL, '2024-12-20', 12, 51, 2199.00, 0.00, 2199.00, 'UPI', 'Mobile App', 'Delivered', '2026-02-11 07:03:02'),
('UT-100303', 'CUST_10302', 25, NULL, '2024-12-20', 12, 51, 5199.00, 0.00, 5199.00, 'COD', 'Instagram Shop', 'Delivered', '2026-02-11 07:03:02'),
('UT-100304', 'CUST_10303', 26, 6, '2024-12-20', 12, 51, 998.00, 199.60, 798.40, 'Wallet', 'Website', 'Delivered', '2026-02-11 07:03:02'),
('UT-100305', 'CUST_10304', 1, NULL, '2024-12-20', 12, 51, 2099.00, 0.00, 2099.00, 'Debit Card', 'Mobile App', 'Delivered', '2026-02-11 07:03:02'),
('UT-100306', 'CUST_10305', 2, NULL, '2024-12-21', 12, 51, 3999.00, 0.00, 3999.00, 'Credit Card', 'Instagram Shop', 'Delivered', '2026-02-11 07:03:02'),
('UT-100307', 'CUST_10306', 6, 6, '2024-12-21', 12, 51, 2399.00, 479.80, 1919.20, 'UPI', 'Website', 'Delivered', '2026-02-11 07:03:02'),
('UT-100308', 'CUST_10307', 3, NULL, '2024-12-21', 12, 51, 7299.00, 0.00, 7299.00, 'COD', 'Mobile App', 'Delivered', '2026-02-11 07:03:02'),
('UT-100309', 'CUST_10308', 4, NULL, '2024-12-21', 12, 51, 899.00, 0.00, 899.00, 'Wallet', 'Instagram Shop', 'Delivered', '2026-02-11 07:03:02'),
('UT-100310', 'CUST_10309', 5, 6, '2024-12-22', 12, 52, 1999.00, 399.80, 1599.20, 'Debit Card', 'Website', 'Delivered', '2026-02-11 07:03:02'),
('UT-100311', 'CUST_10310', 7, NULL, '2024-12-22', 12, 52, 4699.00, 0.00, 4699.00, 'Credit Card', 'Mobile App', 'Delivered', '2026-02-11 07:03:02'),
('UT-100312', 'CUST_10311', 8, NULL, '2024-12-22', 12, 52, 2299.00, 0.00, 2299.00, 'UPI', 'Instagram Shop', 'Delivered', '2026-02-11 07:03:02'),
('UT-100313', 'CUST_10312', 9, 6, '2024-12-22', 12, 52, 5399.00, 1079.80, 4319.20, 'COD', 'Website', 'Delivered', '2026-02-11 07:03:02'),
('UT-100314', 'CUST_10313', 11, NULL, '2024-12-23', 12, 52, 1199.00, 0.00, 1199.00, 'Wallet', 'Mobile App', 'Delivered', '2026-02-11 07:03:02'),
('UT-100315', 'CUST_10314', 1, NULL, '2024-12-23', 12, 52, 2199.00, 0.00, 2199.00, 'Debit Card', 'Instagram Shop', 'Delivered', '2026-02-11 07:03:02'),
('UT-100316', 'CUST_10315', 2, 6, '2024-12-23', 12, 52, 3799.00, 759.80, 3039.20, 'Credit Card', 'Website', 'Delivered', '2026-02-11 07:03:02'),
('UT-100317', 'CUST_10316', 10, NULL, '2024-12-23', 12, 52, 2499.00, 0.00, 2499.00, 'UPI', 'Mobile App', 'Delivered', '2026-02-11 07:03:02'),
('UT-100318', 'CUST_10317', 12, NULL, '2024-12-24', 12, 52, 6499.00, 0.00, 6499.00, 'COD', 'Instagram Shop', 'Delivered', '2026-02-11 07:03:02'),
('UT-100319', 'CUST_10318', 13, 6, '2024-12-24', 12, 52, 1497.00, 299.40, 1197.60, 'Wallet', 'Website', 'Delivered', '2026-02-11 07:03:02'),
('UT-100320', 'CUST_10319', 14, NULL, '2024-12-24', 12, 52, 1799.00, 0.00, 1799.00, 'Debit Card', 'Mobile App', 'Delivered', '2026-02-11 07:03:02'),
('UT-100321', 'CUST_10320', 15, NULL, '2024-12-24', 12, 52, 4299.00, 0.00, 4299.00, 'Credit Card', 'Instagram Shop', 'Delivered', '2026-02-11 07:03:02'),
('UT-100322', 'CUST_10321', 16, 6, '2024-12-25', 12, 52, 1899.00, 379.80, 1519.20, 'UPI', 'Website', 'Delivered', '2026-02-11 07:03:02'),
('UT-100323', 'CUST_10322', 17, NULL, '2024-12-25', 12, 52, 4999.00, 0.00, 4999.00, 'COD', 'Mobile App', 'Delivered', '2026-02-11 07:03:02'),
('UT-100324', 'CUST_10323', 18, NULL, '2024-12-25', 12, 52, 1399.00, 0.00, 1399.00, 'Wallet', 'Instagram Shop', 'Delivered', '2026-02-11 07:03:02'),
('UT-100325', 'CUST_10324', 19, 6, '2024-12-25', 12, 52, 2099.00, 419.80, 1679.20, 'Debit Card', 'Website', 'Delivered', '2026-02-11 07:03:02'),
('UT-100326', 'CUST_10325', 20, NULL, '2024-12-26', 12, 52, 2999.00, 0.00, 2999.00, 'Credit Card', 'Mobile App', 'Delivered', '2026-02-11 07:03:02'),
('UT-100327', 'CUST_10326', 21, NULL, '2024-12-26', 12, 52, 2199.00, 0.00, 2199.00, 'UPI', 'Instagram Shop', 'Delivered', '2026-02-11 07:03:02'),
('UT-100328', 'CUST_10327', 22, 6, '2024-12-26', 12, 52, 5999.00, 1199.80, 4799.20, 'COD', 'Website', 'Delivered', '2026-02-11 07:03:02'),
('UT-100329', 'CUST_10328', 23, NULL, '2024-12-26', 12, 52, 1299.00, 0.00, 1299.00, 'Wallet', 'Mobile App', 'Delivered', '2026-02-11 07:03:02'),
('UT-100330', 'CUST_10329', 24, NULL, '2024-12-27', 12, 52, 1998.00, 0.00, 1998.00, 'Debit Card', 'Instagram Shop', 'Delivered', '2026-02-11 07:03:02'),
('UT-100331', 'CUST_10330', 25, 6, '2024-12-27', 12, 52, 3499.00, 699.80, 2799.20, 'Credit Card', 'Website', 'Delivered', '2026-02-11 07:03:02'),
('UT-100332', 'CUST_10331', 26, NULL, '2024-12-27', 12, 52, 1799.00, 0.00, 1799.00, 'UPI', 'Mobile App', 'Delivered', '2026-02-11 07:03:02'),
('UT-100333', 'CUST_10332', 1, NULL, '2024-12-27', 12, 52, 4599.00, 0.00, 4599.00, 'COD', 'Instagram Shop', 'Delivered', '2026-02-11 07:03:02'),
('UT-100334', 'CUST_10333', 2, 6, '2024-12-28', 12, 52, 799.00, 159.80, 639.20, 'Wallet', 'Website', 'Delivered', '2026-02-11 07:03:02'),
('UT-100335', 'CUST_10334', 6, NULL, '2024-12-28', 12, 52, 1899.00, 0.00, 1899.00, 'Debit Card', 'Mobile App', 'Delivered', '2026-02-11 07:03:02'),
('UT-100336', 'CUST_10335', 3, NULL, '2024-12-28', 12, 52, 4099.00, 0.00, 4099.00, 'Credit Card', 'Instagram Shop', 'Delivered', '2026-02-11 07:03:02'),
('UT-100337', 'CUST_10336', 4, 6, '2024-12-28', 12, 52, 2299.00, 459.80, 1839.20, 'UPI', 'Website', 'Delivered', '2026-02-11 07:03:02'),
('UT-100338', 'CUST_10337', 5, NULL, '2024-12-29', 12, 53, 5799.00, 0.00, 5799.00, 'COD', 'Mobile App', 'Delivered', '2026-02-11 07:03:02'),
('UT-100339', 'CUST_10338', 7, NULL, '2024-12-29', 12, 53, 1398.00, 0.00, 1398.00, 'Wallet', 'Instagram Shop', 'Delivered', '2026-02-11 07:03:02'),
('UT-100340', 'CUST_10340', 8, 6, '2024-12-29', 12, 53, 1999.00, 399.80, 1599.20, 'Debit Card', 'Website', 'Delivered', '2026-02-11 07:03:02'),
('UT-100341', 'CUST_10340', 9, NULL, '2024-12-29', 12, 53, 3899.00, 0.00, 3899.00, 'Credit Card', 'Mobile App', 'Delivered', '2026-02-11 07:03:02'),
('UT-100342', 'CUST_10341', 11, NULL, '2024-12-30', 12, 53, 2099.00, 0.00, 2099.00, 'UPI', 'Instagram Shop', 'Delivered', '2026-02-11 07:03:02'),
('UT-100343', 'CUST_10342', 1, 6, '2024-12-30', 12, 53, 4899.00, 979.80, 3919.20, 'COD', 'Website', 'Delivered', '2026-02-11 07:03:02'),
('UT-100344', 'CUST_10343', 2, NULL, '2024-12-30', 12, 53, 1797.00, 0.00, 1797.00, 'Wallet', 'Mobile App', 'Delivered', '2026-02-11 07:03:02'),
('UT-100345', 'CUST_10344', 10, NULL, '2024-12-30', 12, 53, 2199.00, 0.00, 2199.00, 'Debit Card', 'Instagram Shop', 'Delivered', '2026-02-11 07:03:02'),
('UT-100346', 'CUST_10345', 12, 6, '2024-12-31', 12, 53, 4499.00, 899.80, 3599.20, 'Credit Card', 'Website', 'Delivered', '2026-02-11 07:03:02');

-- --------------------------------------------------------

--
-- Table structure for table `order_items`
--

CREATE TABLE `order_items` (
  `order_item_id` int(11) NOT NULL,
  `order_id` varchar(50) NOT NULL,
  `sku` varchar(50) NOT NULL,
  `quantity` int(11) NOT NULL,
  `unit_price` decimal(10,2) NOT NULL,
  `line_total` decimal(10,2) NOT NULL,
  `created_at` timestamp NOT NULL DEFAULT current_timestamp()
) ENGINE=InnoDB DEFAULT CHARSET=utf8mb4 COLLATE=utf8mb4_general_ci;

--
-- Dumping data for table `order_items`
--

INSERT INTO `order_items` (`order_item_id`, `order_id`, `sku`, `quantity`, `unit_price`, `line_total`, `created_at`) VALUES
(1, 'UT-100001', 'TOP-CAS-M', 2, 1299.00, 2598.00, '2026-02-11 07:03:02'),
(2, 'UT-100005', 'ACC-SCF-OS', 3, 799.00, 2397.00, '2026-02-11 07:03:02'),
(3, 'UT-100002', 'DRS-FRM-S', 1, 2499.00, 2499.00, '2026-02-11 07:03:02'),
(4, 'UT-100004', 'OUT-JKT-XL', 1, 3499.00, 3499.00, '2026-02-11 07:03:02'),
(5, 'UT-100006', 'TOP-FRM-S', 2, 1599.00, 3198.00, '2026-02-11 07:03:02'),
(6, 'UT-100007', 'DRS-CAS-M', 1, 2199.00, 2199.00, '2026-02-11 07:03:02'),
(7, 'UT-100008', 'BOT-TRS-L', 1, 2299.00, 2299.00, '2026-02-11 07:03:02'),
(8, 'UT-100009', 'TOP-CAS-XL', 5, 1399.00, 6995.00, '2026-02-11 07:03:02'),
(9, 'UT-100010', 'OUT-BLZ-M', 1, 4999.00, 4999.00, '2026-02-11 07:03:02'),
(10, 'UT-100011', 'ACC-BAG-OS', 2, 1299.00, 2598.00, '2026-02-11 07:03:02'),
(11, 'UT-100012', 'DRS-PRT-S', 1, 3299.00, 3299.00, '2026-02-11 07:03:02'),
(12, 'UT-100013', 'TOP-SLK-M', 1, 2499.00, 2499.00, '2026-02-11 07:03:02'),
(13, 'UT-100014', 'BOT-SKT-S', 2, 1799.00, 3598.00, '2026-02-11 07:03:02'),
(14, 'UT-100015', 'OUT-CRD-L', 1, 2799.00, 2799.00, '2026-02-11 07:03:02'),
(15, 'UT-100016', 'ACC-JWL-OS', 4, 599.00, 2396.00, '2026-02-11 07:03:02'),
(16, 'UT-100017', 'TOP-CRP-XS', 1, 999.00, 999.00, '2026-02-11 07:03:02'),
(17, 'UT-100018', 'DRS-MAX-M', 1, 2899.00, 2899.00, '2026-02-11 07:03:02'),
(18, 'UT-100019', 'BOT-JGR-M', 2, 1499.00, 2998.00, '2026-02-11 07:03:02'),
(19, 'UT-100020', 'OUT-VST-S', 1, 3999.00, 3999.00, '2026-02-11 07:03:02'),
(20, 'UT-100021', 'TOP-TUN-L', 1, 1699.00, 1699.00, '2026-02-11 07:03:02'),
(21, 'UT-100022', 'DRS-SHT-XS', 1, 2399.00, 2399.00, '2026-02-11 07:03:02'),
(22, 'UT-100023', 'ACC-BLT-M', 1, 899.00, 899.00, '2026-02-11 07:03:02'),
(23, 'UT-100024', 'BOT-SHT-M', 3, 1199.00, 3597.00, '2026-02-11 07:03:02'),
(24, 'UT-100025', 'TOP-PLO-L', 2, 1799.00, 3598.00, '2026-02-11 07:03:02'),
(25, 'UT-100026', 'DRS-WRK-M', 1, 2699.00, 2699.00, '2026-02-11 07:03:02'),
(26, 'UT-100027', 'OUT-TRN-L', 1, 4599.00, 4599.00, '2026-02-11 07:03:02'),
(27, 'UT-100028', 'ACC-HAT-OS', 1, 1099.00, 1099.00, '2026-02-11 07:03:02'),
(28, 'UT-100029', 'TOP-DNM-M', 1, 1899.00, 1899.00, '2026-02-11 07:03:02'),
(29, 'UT-100030', 'BOT-CRG-L', 1, 2199.00, 2199.00, '2026-02-11 07:03:02'),
(30, 'UT-100031', 'DRS-EVE-S', 1, 5499.00, 5499.00, '2026-02-11 07:03:02'),
(31, 'UT-100032', 'TOP-BAS-M', 2, 899.00, 1798.00, '2026-02-11 07:03:02'),
(32, 'UT-100033', 'OUT-WOL-L', 1, 6999.00, 6999.00, '2026-02-11 07:03:02'),
(33, 'UT-100034', 'ACC-WCH-OS', 1, 2999.00, 2999.00, '2026-02-11 07:03:02'),
(34, 'UT-100035', 'BOT-DNM-S', 1, 1599.00, 1599.00, '2026-02-11 07:03:02'),
(35, 'UT-100036', 'DRS-SUN-M', 1, 1999.00, 1999.00, '2026-02-11 07:03:02'),
(36, 'UT-100037', 'TOP-RFL-S', 1, 1799.00, 1799.00, '2026-02-11 07:03:02'),
(37, 'UT-100038', 'OUT-LTH-M', 1, 7999.00, 7999.00, '2026-02-11 07:03:02'),
(38, 'UT-100039', 'ACC-SNG-OS', 1, 1499.00, 1499.00, '2026-02-11 07:03:02'),
(39, 'UT-100040', 'BOT-PLZ-L', 1, 1699.00, 1699.00, '2026-02-11 07:03:02'),
(40, 'UT-100041', 'DRS-BDC-S', 1, 2299.00, 2299.00, '2026-02-11 07:03:02'),
(41, 'UT-100042', 'TOP-OFF-M', 2, 1599.00, 3198.00, '2026-02-11 07:03:02'),
(42, 'UT-100043', 'OUT-DNM-L', 1, 2499.00, 2499.00, '2026-02-11 07:03:02'),
(43, 'UT-100044', 'ACC-HBG-OS', 1, 1899.00, 1899.00, '2026-02-11 07:03:02'),
(44, 'UT-100045', 'BOT-CHP-M', 1, 1999.00, 1999.00, '2026-02-11 07:03:02'),
(45, 'UT-100046', 'DRS-WRP-M', 1, 2599.00, 2599.00, '2026-02-11 07:03:02'),
(46, 'UT-100047', 'TOP-STR-S', 1, 1299.00, 1299.00, '2026-02-11 07:03:02'),
(47, 'UT-100048', 'OUT-PRK-XL', 1, 5999.00, 5999.00, '2026-02-11 07:03:02'),
(48, 'UT-100049', 'ACC-EAR-OS', 2, 799.00, 1598.00, '2026-02-11 07:03:02'),
(49, 'UT-100050', 'BOT-LGN-S', 2, 999.00, 1998.00, '2026-02-11 07:03:02'),
(50, 'UT-100051', 'DRS-CTN-L', 1, 1899.00, 1899.00, '2026-02-11 07:03:02'),
(51, 'UT-100052', 'TOP-LCE-M', 1, 1699.00, 1699.00, '2026-02-11 07:03:02'),
(52, 'UT-100053', 'OUT-BOM-M', 1, 3799.00, 3799.00, '2026-02-11 07:03:02'),
(53, 'UT-100054', 'ACC-NCK-OS', 1, 1299.00, 1299.00, '2026-02-11 07:03:02'),
(54, 'UT-100055', 'BOT-WID-M', 1, 2099.00, 2099.00, '2026-02-11 07:03:02'),
(55, 'UT-100056', 'DRS-TIR-S', 1, 2799.00, 2799.00, '2026-02-11 07:03:02'),
(56, 'UT-100057', 'TOP-PEP-M', 1, 1499.00, 1499.00, '2026-02-11 07:03:02'),
(57, 'UT-100058', 'OUT-QTD-L', 1, 4499.00, 4499.00, '2026-02-11 07:03:02'),
(58, 'UT-100059', 'ACC-BRC-OS', 1, 899.00, 899.00, '2026-02-11 07:03:02'),
(59, 'UT-100060', 'BOT-CRP-S', 1, 1799.00, 1799.00, '2026-02-11 07:03:02'),
(60, 'UT-100061', 'DRS-SLP-M', 1, 2199.00, 2199.00, '2026-02-11 07:03:02'),
(61, 'UT-100062', 'TOP-HLT-L', 1, 1399.00, 1399.00, '2026-02-11 07:03:02'),
(62, 'UT-100063', 'OUT-FLC-M', 1, 2999.00, 2999.00, '2026-02-11 07:03:02'),
(63, 'UT-100064', 'ACC-RNG-OS', 2, 699.00, 1398.00, '2026-02-11 07:03:02'),
(64, 'UT-100065', 'BOT-SKN-M', 1, 2199.00, 2199.00, '2026-02-11 07:03:02'),
(65, 'UT-100066', 'DRS-KNT-S', 1, 2499.00, 2499.00, '2026-02-11 07:03:02'),
(66, 'UT-100067', 'TOP-EMB-M', 1, 1899.00, 1899.00, '2026-02-11 07:03:02'),
(67, 'UT-100068', 'OUT-SHR-L', 1, 1299.00, 1299.00, '2026-02-11 07:03:02'),
(68, 'UT-100069', 'ACC-CLT-OS', 1, 1599.00, 1599.00, '2026-02-11 07:03:02'),
(69, 'UT-100070', 'BOT-FLR-S', 1, 2099.00, 2099.00, '2026-02-11 07:03:02'),
(70, 'UT-100071', 'DRS-PIN-M', 1, 2299.00, 2299.00, '2026-02-11 07:03:02'),
(71, 'UT-100072', 'TOP-CRW-L', 2, 1199.00, 2398.00, '2026-02-11 07:03:02'),
(72, 'UT-100073', 'OUT-CDG-M', 1, 2599.00, 2599.00, '2026-02-11 07:03:02'),
(73, 'UT-100074', 'ACC-SCR-OS', 5, 299.00, 1495.00, '2026-02-11 07:03:02'),
(74, 'UT-100075', 'BOT-PPR-M', 1, 1899.00, 1899.00, '2026-02-11 07:03:02'),
(75, 'UT-100076', 'DRS-SMK-S', 1, 2199.00, 2199.00, '2026-02-11 07:03:02'),
(76, 'UT-100077', 'TOP-BTN-M', 1, 1799.00, 1799.00, '2026-02-11 07:03:02'),
(77, 'UT-100078', 'OUT-VLV-L', 1, 4999.00, 4999.00, '2026-02-11 07:03:02'),
(78, 'UT-100079', 'ACC-TOT-OS', 1, 999.00, 999.00, '2026-02-11 07:03:02'),
(79, 'UT-100080', 'BOT-CRG-S', 1, 1499.00, 1499.00, '2026-02-11 07:03:02'),
(80, 'UT-100081', 'DRS-BTR-M', 1, 2899.00, 2899.00, '2026-02-11 07:03:02'),
(81, 'UT-100082', 'TOP-VNK-L', 2, 1099.00, 2198.00, '2026-02-11 07:03:02'),
(82, 'UT-100083', 'OUT-TRN-M', 1, 5499.00, 5499.00, '2026-02-11 07:03:02'),
(83, 'UT-100084', 'ACC-BDY-OS', 1, 799.00, 799.00, '2026-02-11 07:03:02'),
(84, 'UT-100085', 'BOT-JGR-L', 1, 1599.00, 1599.00, '2026-02-11 07:03:02'),
(85, 'UT-100086', 'DRS-RFL-S', 1, 2699.00, 2699.00, '2026-02-11 07:03:02'),
(86, 'UT-100087', 'TOP-SQR-M', 1, 1499.00, 1499.00, '2026-02-11 07:03:02'),
(87, 'UT-100088', 'OUT-WND-L', 1, 3299.00, 3299.00, '2026-02-11 07:03:02'),
(88, 'UT-100089', 'ACC-ANK-OS', 2, 499.00, 998.00, '2026-02-11 07:03:02'),
(89, 'UT-100090', 'BOT-TRS-M', 1, 2399.00, 2399.00, '2026-02-11 07:03:02'),
(90, 'UT-100091', 'DRS-LST-M', 1, 2599.00, 2599.00, '2026-02-11 07:03:02'),
(91, 'UT-100092', 'TOP-TIE-S', 1, 1399.00, 1399.00, '2026-02-11 07:03:02'),
(92, 'UT-100093', 'OUT-PUF-M', 1, 4299.00, 4299.00, '2026-02-11 07:03:02'),
(93, 'UT-100094', 'ACC-HDR-OS', 3, 399.00, 1197.00, '2026-02-11 07:03:02'),
(94, 'UT-100095', 'BOT-PLT-L', 1, 2199.00, 2199.00, '2026-02-11 07:03:02'),
(95, 'UT-100096', 'DRS-SHR-S', 1, 2399.00, 2399.00, '2026-02-11 07:03:02'),
(96, 'UT-100097', 'TOP-GRF-M', 1, 1299.00, 1299.00, '2026-02-11 07:03:02'),
(97, 'UT-100098', 'OUT-SHW-L', 1, 2799.00, 2799.00, '2026-02-11 07:03:02'),
(98, 'UT-100099', 'ACC-BLT-S', 1, 699.00, 699.00, '2026-02-11 07:03:02'),
(99, 'UT-100100', 'BOT-CUT-M', 1, 1699.00, 1699.00, '2026-02-11 07:03:02'),
(100, 'UT-100101', 'DRS-MXI-L', 1, 2799.00, 2799.00, '2026-02-11 07:03:02'),
(101, 'UT-100102', 'TOP-SLV-S', 2, 1199.00, 2398.00, '2026-02-11 07:03:02'),
(102, 'UT-100103', 'OUT-CPE-M', 1, 5999.00, 5999.00, '2026-02-11 07:03:02'),
(103, 'UT-100104', 'ACC-SHD-OS', 1, 1799.00, 1799.00, '2026-02-11 07:03:02'),
(104, 'UT-100105', 'BOT-STR-L', 1, 1999.00, 1999.00, '2026-02-11 07:03:02'),
(105, 'UT-100106', 'DRS-FIT-S', 1, 2499.00, 2499.00, '2026-02-11 07:03:02'),
(106, 'UT-100107', 'TOP-CWL-M', 1, 1599.00, 1599.00, '2026-02-11 07:03:02'),
(107, 'UT-100108', 'OUT-BLR-L', 1, 3999.00, 3999.00, '2026-02-11 07:03:02'),
(108, 'UT-100109', 'ACC-CFF-OS', 2, 599.00, 1198.00, '2026-02-11 07:03:02'),
(109, 'UT-100110', 'BOT-HRM-M', 1, 1799.00, 1799.00, '2026-02-11 07:03:02'),
(110, 'UT-100111', 'DRS-FES-M', 1, 3499.00, 3499.00, '2026-02-11 07:03:02'),
(111, 'UT-100112', 'OUT-ETH-L', 1, 5999.00, 5999.00, '2026-02-11 07:03:02'),
(112, 'UT-100113', 'TOP-FES-S', 2, 2299.00, 4598.00, '2026-02-11 07:03:02'),
(113, 'UT-100114', 'ACC-CLT-OS', 1, 1599.00, 1599.00, '2026-02-11 07:03:02'),
(114, 'UT-100115', 'BOT-ETH-M', 1, 1899.00, 1899.00, '2026-02-11 07:03:02'),
(115, 'UT-100116', 'DRS-ANK-S', 1, 4299.00, 4299.00, '2026-02-11 07:03:02'),
(116, 'UT-100117', 'TOP-ETH-M', 1, 2599.00, 2599.00, '2026-02-11 07:03:02'),
(117, 'UT-100118', 'OUT-SHW-L', 1, 3999.00, 3999.00, '2026-02-11 07:03:02'),
(118, 'UT-100119', 'DRS-LHG-M', 1, 8999.00, 8999.00, '2026-02-11 07:03:02'),
(119, 'UT-100120', 'ACC-STL-OS', 2, 1299.00, 2598.00, '2026-02-11 07:03:02'),
(120, 'UT-100121', 'TOP-SQN-S', 1, 1999.00, 1999.00, '2026-02-11 07:03:02'),
(121, 'UT-100122', 'BOT-LHG-S', 1, 5499.00, 5499.00, '2026-02-11 07:03:02'),
(122, 'UT-100123', 'DRS-SAR-M', 1, 6999.00, 6999.00, '2026-02-11 07:03:02'),
(123, 'UT-100124', 'OUT-BLS-M', 1, 4999.00, 4999.00, '2026-02-11 07:03:02'),
(124, 'UT-100125', 'ACC-MNG-OS', 1, 899.00, 899.00, '2026-02-11 07:03:02'),
(125, 'UT-100126', 'TOP-ZAR-L', 1, 3299.00, 3299.00, '2026-02-11 07:03:02'),
(126, 'UT-100127', 'DRS-FES-L', 1, 7499.00, 7499.00, '2026-02-11 07:03:02'),
(127, 'UT-100128', 'BOT-SLK-M', 1, 3299.00, 3299.00, '2026-02-11 07:03:02'),
(128, 'UT-100129', 'OUT-VLV-L', 1, 5499.00, 5499.00, '2026-02-11 07:03:02'),
(129, 'UT-100130', 'ACC-TKA-OS', 1, 1199.00, 1199.00, '2026-02-11 07:03:02'),
(130, 'UT-100131', 'TOP-GOT-S', 1, 2799.00, 2799.00, '2026-02-11 07:03:02'),
(131, 'UT-100132', 'DRS-BND-M', 1, 3899.00, 3899.00, '2026-02-11 07:03:02'),
(132, 'UT-100133', 'BOT-BRC-L', 1, 2999.00, 2999.00, '2026-02-11 07:03:02'),
(133, 'UT-100134', 'OUT-ZRI-M', 1, 6499.00, 6499.00, '2026-02-11 07:03:02'),
(134, 'UT-100135', 'ACC-JHM-OS', 2, 999.00, 1998.00, '2026-02-11 07:03:02'),
(135, 'UT-100136', 'TOP-MRR-S', 1, 2499.00, 2499.00, '2026-02-11 07:03:02'),
(136, 'UT-100137', 'DRS-PTL-M', 1, 4599.00, 4599.00, '2026-02-11 07:03:02'),
(137, 'UT-100138', 'BOT-DHT-L', 1, 1799.00, 1799.00, '2026-02-11 07:03:02'),
(138, 'UT-100139', 'OUT-KTN-M', 1, 7999.00, 7999.00, '2026-02-11 07:03:02'),
(139, 'UT-100140', 'ACC-KDN-OS', 1, 2499.00, 2499.00, '2026-02-11 07:03:02'),
(140, 'UT-100141', 'TOP-CHK-L', 1, 2299.00, 2299.00, '2026-02-11 07:03:02'),
(141, 'UT-100142', 'DRS-SHR-S', 1, 5999.00, 5999.00, '2026-02-11 07:03:02'),
(142, 'UT-100143', 'BOT-GRR-M', 1, 2599.00, 2599.00, '2026-02-11 07:03:02'),
(143, 'UT-100144', 'OUT-PHU-L', 1, 4299.00, 4299.00, '2026-02-11 07:03:02'),
(144, 'UT-100145', 'ACC-MNP-OS', 1, 799.00, 799.00, '2026-02-11 07:03:02'),
(145, 'UT-100146', 'TOP-BND-S', 1, 1899.00, 1899.00, '2026-02-11 07:03:02'),
(146, 'UT-100147', 'DRS-LKH-M', 1, 4899.00, 4899.00, '2026-02-11 07:03:02'),
(147, 'UT-100148', 'BOT-PTL-L', 1, 1499.00, 1499.00, '2026-02-11 07:03:02'),
(148, 'UT-100149', 'OUT-KTH-M', 1, 5699.00, 5699.00, '2026-02-11 07:03:02'),
(149, 'UT-100150', 'ACC-BNG-OS', 4, 599.00, 2396.00, '2026-02-11 07:03:02'),
(150, 'UT-100151', 'TOP-KSH-L', 1, 2999.00, 2999.00, '2026-02-11 07:03:02'),
(151, 'UT-100152', 'DRS-IDR-S', 1, 2799.00, 2799.00, '2026-02-11 07:03:02'),
(152, 'UT-100153', 'BOT-KLN-M', 1, 1699.00, 1699.00, '2026-02-11 07:03:02'),
(153, 'UT-100154', 'OUT-JQD-L', 1, 4599.00, 4599.00, '2026-02-11 07:03:02'),
(154, 'UT-100155', 'ACC-CHN-OS', 1, 899.00, 899.00, '2026-02-11 07:03:02'),
(155, 'UT-100156', 'TOP-AJR-M', 1, 1799.00, 1799.00, '2026-02-11 07:03:02'),
(156, 'UT-100157', 'DRS-BLK-L', 1, 2599.00, 2599.00, '2026-02-11 07:03:02'),
(157, 'UT-100158', 'BOT-TIE-S', 1, 1599.00, 1599.00, '2026-02-11 07:03:02'),
(158, 'UT-100159', 'OUT-EMB-M', 1, 5299.00, 5299.00, '2026-02-11 07:03:02'),
(159, 'UT-100160', 'ACC-HRM-OS', 3, 499.00, 1497.00, '2026-02-11 07:03:02'),
(160, 'UT-100161', 'TOP-PRN-L', 1, 2099.00, 2099.00, '2026-02-11 07:03:02'),
(161, 'UT-100162', 'DRS-FLR-S', 1, 2399.00, 2399.00, '2026-02-11 07:03:02'),
(162, 'UT-100163', 'BOT-DOT-M', 1, 1799.00, 1799.00, '2026-02-11 07:03:02'),
(163, 'UT-100164', 'OUT-STR-L', 1, 4199.00, 4199.00, '2026-02-11 07:03:02'),
(164, 'UT-100165', 'ACC-TBR-OS', 2, 699.00, 1398.00, '2026-02-11 07:03:02'),
(165, 'UT-100166', 'TOP-SLV-S', 1, 1599.00, 1599.00, '2026-02-11 07:03:02'),
(166, 'UT-100167', 'DRS-ASY-M', 1, 2899.00, 2899.00, '2026-02-11 07:03:02'),
(167, 'UT-100168', 'BOT-FRN-L', 1, 2199.00, 2199.00, '2026-02-11 07:03:02'),
(168, 'UT-100169', 'OUT-TWD-M', 1, 5599.00, 5599.00, '2026-02-11 07:03:02'),
(169, 'UT-100170', 'ACC-PIN-OS', 2, 399.00, 798.00, '2026-02-11 07:03:02'),
(170, 'UT-100171', 'TOP-MCR-M', 1, 1899.00, 1899.00, '2026-02-11 07:03:02'),
(171, 'UT-100172', 'DRS-PLT-S', 1, 2699.00, 2699.00, '2026-02-11 07:03:02'),
(172, 'UT-100173', 'BOT-VLT-L', 1, 2499.00, 2499.00, '2026-02-11 07:03:02'),
(173, 'UT-100174', 'OUT-CHK-M', 1, 6299.00, 6299.00, '2026-02-11 07:03:02'),
(174, 'UT-100175', 'ACC-WVN-OS', 1, 1599.00, 1599.00, '2026-02-11 07:03:02'),
(175, 'UT-100176', 'TOP-BLN-L', 1, 1699.00, 1699.00, '2026-02-11 07:03:02'),
(176, 'UT-100177', 'DRS-CRO-S', 1, 3199.00, 3199.00, '2026-02-11 07:03:02'),
(177, 'UT-100178', 'BOT-PTW-M', 1, 2099.00, 2099.00, '2026-02-11 07:03:02'),
(178, 'UT-100179', 'OUT-HRN-L', 1, 6999.00, 6999.00, '2026-02-11 07:03:02'),
(179, 'UT-100180', 'ACC-MTL-OS', 1, 899.00, 899.00, '2026-02-11 07:03:02'),
(180, 'UT-100181', 'TOP-RCH-S', 1, 1499.00, 1499.00, '2026-02-11 07:03:02'),
(181, 'UT-100182', 'DRS-TRF-M', 1, 2999.00, 2999.00, '2026-02-11 07:03:02'),
(182, 'UT-100183', 'BOT-BND-L', 1, 1899.00, 1899.00, '2026-02-11 07:03:02'),
(183, 'UT-100184', 'OUT-CML-M', 1, 7499.00, 7499.00, '2026-02-11 07:03:02'),
(184, 'UT-100185', 'ACC-STN-OS', 1, 1299.00, 1299.00, '2026-02-11 07:03:02'),
(185, 'UT-100186', 'TOP-KNT-M', 1, 1599.00, 1599.00, '2026-02-11 07:03:02'),
(186, 'UT-100187', 'DRS-SQN-L', 1, 3799.00, 3799.00, '2026-02-11 07:03:02'),
(187, 'UT-100188', 'BOT-GLT-S', 1, 2299.00, 2299.00, '2026-02-11 07:03:02'),
(188, 'UT-100189', 'OUT-FXF-M', 1, 5999.00, 5999.00, '2026-02-11 07:03:02'),
(189, 'UT-100190', 'ACC-CHM-OS', 2, 499.00, 998.00, '2026-02-11 07:03:02'),
(190, 'UT-100191', 'TOP-TXD-L', 1, 1799.00, 1799.00, '2026-02-11 07:03:02'),
(191, 'UT-100192', 'DRS-VLR-S', 1, 2999.00, 2999.00, '2026-02-11 07:03:02'),
(192, 'UT-100193', 'BOT-STN-M', 1, 2199.00, 2199.00, '2026-02-11 07:03:02'),
(193, 'UT-100194', 'OUT-SHN-L', 1, 4899.00, 4899.00, '2026-02-11 07:03:02'),
(194, 'UT-100195', 'ACC-PRL-OS', 1, 799.00, 799.00, '2026-02-11 07:03:02'),
(195, 'UT-100196', 'TOP-MTL-S', 1, 1999.00, 1999.00, '2026-02-11 07:03:02'),
(196, 'UT-100197', 'DRS-GLM-M', 1, 3499.00, 3499.00, '2026-02-11 07:03:02'),
(197, 'UT-100198', 'BOT-LME-L', 1, 2599.00, 2599.00, '2026-02-11 07:03:02'),
(198, 'UT-100199', 'OUT-SPK-M', 1, 5499.00, 5499.00, '2026-02-11 07:03:02'),
(199, 'UT-100200', 'ACC-CRY-OS', 1, 999.00, 999.00, '2026-02-11 07:03:02'),
(200, 'UT-100201', 'TOP-SHR-L', 1, 1699.00, 1699.00, '2026-02-11 07:03:02'),
(201, 'UT-100202', 'DRS-CHF-S', 1, 2799.00, 2799.00, '2026-02-11 07:03:02'),
(202, 'UT-100203', 'BOT-ORG-M', 1, 2399.00, 2399.00, '2026-02-11 07:03:02'),
(203, 'UT-100204', 'OUT-MET-L', 1, 6799.00, 6799.00, '2026-02-11 07:03:02'),
(204, 'UT-100205', 'ACC-DMD-OS', 1, 1499.00, 1499.00, '2026-02-11 07:03:02'),
(205, 'UT-100206', 'TOP-BDS-M', 1, 2299.00, 2299.00, '2026-02-11 07:03:02'),
(206, 'UT-100207', 'DRS-SPL-L', 1, 4999.00, 4999.00, '2026-02-11 07:03:02'),
(207, 'UT-100208', 'BOT-EMB-S', 1, 2099.00, 2099.00, '2026-02-11 07:03:02'),
(208, 'UT-100209', 'OUT-NYE-M', 1, 5799.00, 5799.00, '2026-02-11 07:03:02'),
(209, 'UT-100210', 'ACC-GLD-OS', 1, 1199.00, 1199.00, '2026-02-11 07:03:02'),
(210, 'UT-100211', 'TOP-FTR-S', 1, 1899.00, 1899.00, '2026-02-11 07:03:02'),
(211, 'UT-100212', 'DRS-CCK-M', 1, 3699.00, 3699.00, '2026-02-11 07:03:02'),
(212, 'UT-100213', 'BOT-SQN-L', 1, 2699.00, 2699.00, '2026-02-11 07:03:02'),
(213, 'UT-100214', 'OUT-PRT-M', 1, 4999.00, 4999.00, '2026-02-11 07:03:02'),
(214, 'UT-100215', 'ACC-SLV-OS', 2, 899.00, 1798.00, '2026-02-11 07:03:02'),
(215, 'UT-100216', 'TOP-GLT-L', 1, 1599.00, 1599.00, '2026-02-11 07:03:02'),
(216, 'UT-100217', 'DRS-STR-S', 1, 2599.00, 2599.00, '2026-02-11 07:03:02'),
(217, 'UT-100218', 'BOT-MTL-M', 1, 2399.00, 2399.00, '2026-02-11 07:03:02'),
(218, 'UT-100219', 'OUT-FRM-L', 1, 6499.00, 6499.00, '2026-02-11 07:03:02'),
(219, 'UT-100220', 'ACC-RBN-OS', 2, 499.00, 998.00, '2026-02-11 07:03:02'),
(220, 'UT-100221', 'TOP-VNY-M', 1, 1999.00, 1999.00, '2026-02-11 07:03:02'),
(221, 'UT-100222', 'DRS-NYE-L', 1, 5499.00, 5499.00, '2026-02-11 07:03:02'),
(222, 'UT-100223', 'BOT-LTX-S', 1, 2799.00, 2799.00, '2026-02-11 07:03:02'),
(223, 'UT-100224', 'OUT-GLM-M', 1, 5299.00, 5299.00, '2026-02-11 07:03:02'),
(224, 'UT-100225', 'ACC-GEM-OS', 1, 1099.00, 1099.00, '2026-02-11 07:03:02'),
(225, 'UT-100226', 'TOP-HOD-L', 1, 2499.00, 2499.00, '2026-02-11 07:03:02'),
(226, 'UT-100227', 'OUT-COT-M', 1, 6499.00, 6499.00, '2026-02-11 07:03:02'),
(227, 'UT-100228', 'ACC-MFL-OS', 1, 1499.00, 1499.00, '2026-02-11 07:03:02'),
(228, 'UT-100229', 'DRS-PLT-M', 1, 2899.00, 2899.00, '2026-02-11 07:03:02'),
(229, 'UT-100230', 'TOP-THR-L', 2, 1599.00, 3198.00, '2026-02-11 07:03:02'),
(230, 'UT-100231', 'BOT-FLC-M', 1, 1799.00, 1799.00, '2026-02-11 07:03:02'),
(231, 'UT-100232', 'OUT-WND-L', 1, 3299.00, 3299.00, '2026-02-11 07:03:02'),
(232, 'UT-100233', 'ACC-BNE-OS', 2, 599.00, 1198.00, '2026-02-11 07:03:02'),
(233, 'UT-100234', 'TOP-SWT-S', 1, 2199.00, 2199.00, '2026-02-11 07:03:02'),
(234, 'UT-100235', 'DRS-WRM-M', 1, 2499.00, 2499.00, '2026-02-11 07:03:02'),
(235, 'UT-100236', 'BOT-WOL-L', 1, 2999.00, 2999.00, '2026-02-11 07:03:02'),
(236, 'UT-100237', 'OUT-DWN-M', 1, 7999.00, 7999.00, '2026-02-11 07:03:02'),
(237, 'UT-100238', 'TOP-VLV-S', 1, 1999.00, 1999.00, '2026-02-11 07:03:02'),
(238, 'UT-100239', 'ACC-ERM-OS', 2, 499.00, 998.00, '2026-02-11 07:03:02'),
(239, 'UT-100240', 'DRS-NYE-S', 1, 4999.00, 4999.00, '2026-02-11 07:03:02'),
(240, 'UT-100241', 'TOP-SPK-M', 1, 2299.00, 2299.00, '2026-02-11 07:03:02'),
(241, 'UT-100242', 'BOT-VLV-S', 1, 2599.00, 2599.00, '2026-02-11 07:03:02'),
(242, 'UT-100243', 'OUT-FUR-L', 1, 8999.00, 8999.00, '2026-02-11 07:03:02'),
(243, 'UT-100244', 'ACC-CLT-OS', 1, 1799.00, 1799.00, '2026-02-11 07:03:02'),
(244, 'UT-100245', 'TOP-MET-S', 1, 2199.00, 2199.00, '2026-02-11 07:03:02'),
(245, 'UT-100246', 'DRS-GLT-M', 1, 3799.00, 3799.00, '2026-02-11 07:03:02'),
(246, 'UT-100247', 'BOT-SLK-S', 1, 2899.00, 2899.00, '2026-02-11 07:03:02'),
(247, 'UT-100248', 'OUT-CPE-M', 1, 4599.00, 4599.00, '2026-02-11 07:03:02'),
(248, 'UT-100249', 'ACC-HDB-OS', 1, 2499.00, 2499.00, '2026-02-11 07:03:02'),
(249, 'UT-100250', 'TOP-NYE-XS', 1, 1899.00, 1899.00, '2026-02-11 07:03:02'),
(250, 'UT-100251', 'DRS-CCT-S', 1, 3299.00, 3299.00, '2026-02-11 07:03:02'),
(251, 'UT-100252', 'BOT-SQN-M', 1, 2199.00, 2199.00, '2026-02-11 07:03:02'),
(252, 'UT-100253', 'OUT-BLZ-S', 1, 5499.00, 5499.00, '2026-02-11 07:03:02'),
(253, 'UT-100254', 'ACC-TRA-OS', 1, 999.00, 999.00, '2026-02-11 07:03:02'),
(254, 'UT-100255', 'TOP-OFF-M', 2, 1699.00, 3398.00, '2026-02-11 07:03:02'),
(255, 'UT-100256', 'DRS-BLB-S', 1, 2799.00, 2799.00, '2026-02-11 07:03:02'),
(256, 'UT-100257', 'BOT-WDE-L', 1, 2299.00, 2299.00, '2026-02-11 07:03:02'),
(257, 'UT-100258', 'OUT-SQN-M', 1, 5999.00, 5999.00, '2026-02-11 07:03:02'),
(258, 'UT-100259', 'ACC-PRT-OS', 2, 899.00, 1798.00, '2026-02-11 07:03:02'),
(259, 'UT-100260', 'TOP-FTH-S', 1, 2099.00, 2099.00, '2026-02-11 07:03:02'),
(260, 'UT-100261', 'DRS-PRY-M', 1, 3999.00, 3999.00, '2026-02-11 07:03:02'),
(261, 'UT-100262', 'BOT-GLM-S', 1, 2499.00, 2499.00, '2026-02-11 07:03:02'),
(262, 'UT-100263', 'OUT-LME-L', 1, 4899.00, 4899.00, '2026-02-11 07:03:02'),
(263, 'UT-100264', 'ACC-NYE-OS', 1, 1199.00, 1199.00, '2026-02-11 07:03:02'),
(264, 'UT-100265', 'TOP-SHM-M', 1, 1899.00, 1899.00, '2026-02-11 07:03:02'),
(265, 'UT-100266', 'DRS-CNT-L', 1, 3599.00, 3599.00, '2026-02-11 07:03:02'),
(266, 'UT-100267', 'BOT-CHM-S', 1, 2699.00, 2699.00, '2026-02-11 07:03:02'),
(267, 'UT-100268', 'OUT-RSE-M', 1, 5599.00, 5599.00, '2026-02-11 07:03:02'),
(268, 'UT-100269', 'ACC-MSK-OS', 3, 399.00, 1197.00, '2026-02-11 07:03:02'),
(269, 'UT-100270', 'TOP-CEL-L', 1, 2199.00, 2199.00, '2026-02-11 07:03:02'),
(270, 'UT-100271', 'DRS-MID-S', 1, 4299.00, 4299.00, '2026-02-11 07:03:02'),
(271, 'UT-100272', 'BOT-NYS-M', 1, 2399.00, 2399.00, '2026-02-11 07:03:02'),
(272, 'UT-100273', 'OUT-FRS-L', 1, 6299.00, 6299.00, '2026-02-11 07:03:02'),
(273, 'UT-100274', 'ACC-SPR-OS', 2, 599.00, 1198.00, '2026-02-11 07:03:02'),
(274, 'UT-100275', 'TOP-GLS-M', 1, 2399.00, 2399.00, '2026-02-11 07:03:02'),
(275, 'UT-100276', 'DRS-FNL-L', 1, 5999.00, 5999.00, '2026-02-11 07:03:02'),
(276, 'UT-100277', 'BOT-PRY-S', 1, 1899.00, 1899.00, '2026-02-11 07:03:02'),
(277, 'UT-100278', 'OUT-CHR-M', 1, 4999.00, 4999.00, '2026-02-11 07:03:02'),
(278, 'UT-100279', 'ACC-BLS-OS', 1, 1699.00, 1699.00, '2026-02-11 07:03:02'),
(279, 'UT-100280', 'TOP-YRS-L', 1, 2099.00, 2099.00, '2026-02-11 07:03:02'),
(280, 'UT-100281', 'DRS-EVE-S', 1, 4599.00, 4599.00, '2026-02-11 07:03:02'),
(281, 'UT-100282', 'BOT-FNS-M', 1, 2299.00, 2299.00, '2026-02-11 07:03:02'),
(282, 'UT-100283', 'OUT-NYB-L', 1, 5799.00, 5799.00, '2026-02-11 07:03:02'),
(283, 'UT-100284', 'ACC-CNT-OS', 2, 799.00, 1598.00, '2026-02-11 07:03:02'),
(284, 'UT-100285', 'TOP-LST-S', 1, 1999.00, 1999.00, '2026-02-11 07:03:02'),
(285, 'UT-100286', 'DRS-BLS-M', 1, 3899.00, 3899.00, '2026-02-11 07:03:02'),
(286, 'UT-100287', 'BOT-END-L', 1, 2599.00, 2599.00, '2026-02-11 07:03:02'),
(287, 'UT-100288', 'OUT-CLB-M', 1, 5299.00, 5299.00, '2026-02-11 07:03:02'),
(288, 'UT-100289', 'ACC-FNL-OS', 1, 1399.00, 1399.00, '2026-02-11 07:03:02'),
(289, 'UT-100290', 'TOP-PRY-M', 1, 1799.00, 1799.00, '2026-02-11 07:03:02'),
(290, 'UT-100291', 'DRS-SHN-L', 1, 4199.00, 4199.00, '2026-02-11 07:03:02'),
(291, 'UT-100292', 'BOT-GLD-S', 1, 2799.00, 2799.00, '2026-02-11 07:03:02'),
(292, 'UT-100293', 'OUT-DZL-M', 1, 5499.00, 5499.00, '2026-02-11 07:03:02'),
(293, 'UT-100294', 'ACC-GLW-OS', 2, 699.00, 1398.00, '2026-02-11 07:03:02'),
(294, 'UT-100295', 'TOP-SLB-L', 1, 2299.00, 2299.00, '2026-02-11 07:03:02'),
(295, 'UT-100296', 'DRS-RDY-S', 1, 3599.00, 3599.00, '2026-02-11 07:03:02'),
(296, 'UT-100297', 'BOT-BRT-M', 1, 2499.00, 2499.00, '2026-02-11 07:03:02'),
(297, 'UT-100298', 'OUT-END-L', 1, 6799.00, 6799.00, '2026-02-11 07:03:02'),
(298, 'UT-100299', 'ACC-MRY-OS', 3, 599.00, 1797.00, '2026-02-11 07:03:02'),
(299, 'UT-100300', 'TOP-JOY-M', 1, 1899.00, 1899.00, '2026-02-11 07:03:02'),
(300, 'UT-100301', 'DRS-WND-L', 1, 4499.00, 4499.00, '2026-02-11 07:03:02'),
(301, 'UT-100302', 'BOT-FST-S', 1, 2199.00, 2199.00, '2026-02-11 07:03:02'),
(302, 'UT-100303', 'OUT-HOL-M', 1, 5199.00, 5199.00, '2026-02-11 07:03:02'),
(303, 'UT-100304', 'ACC-CHR-OS', 2, 499.00, 998.00, '2026-02-11 07:03:02'),
(304, 'UT-100305', 'TOP-SNW-L', 1, 2099.00, 2099.00, '2026-02-11 07:03:02'),
(305, 'UT-100306', 'DRS-ICE-S', 1, 3999.00, 3999.00, '2026-02-11 07:03:02'),
(306, 'UT-100307', 'BOT-FRZ-M', 1, 2399.00, 2399.00, '2026-02-11 07:03:02'),
(307, 'UT-100308', 'OUT-WNT-L', 1, 7299.00, 7299.00, '2026-02-11 07:03:02'),
(308, 'UT-100309', 'ACC-SNF-OS', 1, 899.00, 899.00, '2026-02-11 07:03:02'),
(309, 'UT-100310', 'TOP-XMS-M', 1, 1999.00, 1999.00, '2026-02-11 07:03:02'),
(310, 'UT-100311', 'DRS-NYR-L', 1, 4699.00, 4699.00, '2026-02-11 07:03:02'),
(311, 'UT-100312', 'BOT-HLD-S', 1, 2299.00, 2299.00, '2026-02-11 07:03:02'),
(312, 'UT-100313', 'OUT-CEL-M', 1, 5399.00, 5399.00, '2026-02-11 07:03:02'),
(313, 'UT-100314', 'ACC-WRM-OS', 1, 1199.00, 1199.00, '2026-02-11 07:03:02'),
(314, 'UT-100315', 'TOP-FLK-L', 1, 2199.00, 2199.00, '2026-02-11 07:03:02'),
(315, 'UT-100316', 'DRS-SPR-S', 1, 3799.00, 3799.00, '2026-02-11 07:03:02'),
(316, 'UT-100317', 'BOT-CHR-M', 1, 2499.00, 2499.00, '2026-02-11 07:03:02'),
(317, 'UT-100318', 'OUT-XMS-L', 1, 6499.00, 6499.00, '2026-02-11 07:03:02'),
(318, 'UT-100319', 'ACC-BEL-OS', 3, 499.00, 1497.00, '2026-02-11 07:03:02'),
(319, 'UT-100320', 'TOP-RDR-M', 1, 1799.00, 1799.00, '2026-02-11 07:03:02'),
(320, 'UT-100321', 'DRS-STR-L', 1, 4299.00, 4299.00, '2026-02-11 07:03:02'),
(321, 'UT-100322', 'BOT-MRY-S', 1, 1899.00, 1899.00, '2026-02-11 07:03:02'),
(322, 'UT-100323', 'OUT-JOL-M', 1, 4999.00, 4999.00, '2026-02-11 07:03:02'),
(323, 'UT-100324', 'ACC-GFT-OS', 1, 1399.00, 1399.00, '2026-02-11 07:03:02'),
(324, 'UT-100325', 'TOP-HLY-L', 1, 2099.00, 2099.00, '2026-02-11 07:03:02'),
(325, 'UT-100326', 'DRS-BOX-S', 1, 2999.00, 2999.00, '2026-02-11 07:03:02'),
(326, 'UT-100327', 'BOT-SLE-M', 1, 2199.00, 2199.00, '2026-02-11 07:03:02'),
(327, 'UT-100328', 'OUT-SAL-L', 1, 5999.00, 5999.00, '2026-02-11 07:03:02'),
(328, 'UT-100329', 'ACC-DIS-OS', 1, 1299.00, 1299.00, '2026-02-11 07:03:02'),
(329, 'UT-100330', 'TOP-CLR-M', 2, 999.00, 1998.00, '2026-02-11 07:03:02'),
(330, 'UT-100331', 'DRS-END-L', 1, 3499.00, 3499.00, '2026-02-11 07:03:02'),
(331, 'UT-100332', 'BOT-FNL-S', 1, 1799.00, 1799.00, '2026-02-11 07:03:02'),
(332, 'UT-100333', 'OUT-LST-M', 1, 4599.00, 4599.00, '2026-02-11 07:03:02'),
(333, 'UT-100334', 'ACC-NWY-OS', 1, 799.00, 799.00, '2026-02-11 07:03:02'),
(334, 'UT-100335', 'TOP-BYE-L', 1, 1899.00, 1899.00, '2026-02-11 07:03:02'),
(335, 'UT-100336', 'DRS-WLC-S', 1, 4099.00, 4099.00, '2026-02-11 07:03:02'),
(336, 'UT-100337', 'BOT-RES-M', 1, 2299.00, 2299.00, '2026-02-11 07:03:02'),
(337, 'UT-100338', 'OUT-HOP-L', 1, 5799.00, 5799.00, '2026-02-11 07:03:02'),
(338, 'UT-100339', 'ACC-DRM-OS', 2, 699.00, 1398.00, '2026-02-11 07:03:02'),
(339, 'UT-100340', 'TOP-WIS-M', 1, 1999.00, 1999.00, '2026-02-11 07:03:02'),
(340, 'UT-100341', 'DRS-PRO-L', 1, 3899.00, 3899.00, '2026-02-11 07:03:02'),
(341, 'UT-100342', 'BOT-NEW-S', 1, 2099.00, 2099.00, '2026-02-11 07:03:02'),
(342, 'UT-100343', 'OUT-FRE-M', 1, 4899.00, 4899.00, '2026-02-11 07:03:02'),
(343, 'UT-100344', 'ACC-LCK-OS', 3, 599.00, 1797.00, '2026-02-11 07:03:02'),
(344, 'UT-100345', 'TOP-BEG-L', 1, 2199.00, 2199.00, '2026-02-11 07:03:02'),
(345, 'UT-100346', 'DRS-CNT-S', 1, 4499.00, 4499.00, '2026-02-11 07:03:02');

-- --------------------------------------------------------

--
-- Table structure for table `products`
--

CREATE TABLE `products` (
  `sku` varchar(50) NOT NULL,
  `product_name` varchar(255) NOT NULL,
  `category` varchar(100) NOT NULL,
  `unit_price` decimal(10,2) NOT NULL,
  `created_at` timestamp NOT NULL DEFAULT current_timestamp()
) ENGINE=InnoDB DEFAULT CHARSET=utf8mb4 COLLATE=utf8mb4_general_ci;

--
-- Dumping data for table `products`
--

INSERT INTO `products` (`sku`, `product_name`, `category`, `unit_price`, `created_at`) VALUES
('ACC-ANK-OS', 'Anklet', 'Accessories', 499.00, '2026-02-11 07:03:02'),
('ACC-BAG-OS', 'Tote Bag', 'Accessories', 1299.00, '2026-02-11 07:03:02'),
('ACC-BDY-OS', 'Body Chain', 'Accessories', 799.00, '2026-02-11 07:03:02'),
('ACC-BEL-OS', 'Bell Earrings', 'Accessories', 499.00, '2026-02-11 07:03:02'),
('ACC-BLS-OS', 'Blush Bag', 'Accessories', 1699.00, '2026-02-11 07:03:02'),
('ACC-BLT-M', 'Leather Belt', 'Accessories', 899.00, '2026-02-11 07:03:02'),
('ACC-BLT-S', 'Braided Belt', 'Accessories', 699.00, '2026-02-11 07:03:02'),
('ACC-BNE-OS', 'Beanie Cap', 'Accessories', 599.00, '2026-02-11 07:03:02'),
('ACC-BNG-OS', 'Bangle Set', 'Accessories', 599.00, '2026-02-11 07:03:02'),
('ACC-BRC-OS', 'Charm Bracelet', 'Accessories', 899.00, '2026-02-11 07:03:02'),
('ACC-CFF-OS', 'Cuff Bracelet', 'Accessories', 599.00, '2026-02-11 07:03:02'),
('ACC-CHM-OS', 'Charm Anklet', 'Accessories', 499.00, '2026-02-11 07:03:02'),
('ACC-CHN-OS', 'Choker Necklace', 'Accessories', 899.00, '2026-02-11 07:03:02'),
('ACC-CHR-OS', 'Christmas Brooch', 'Accessories', 499.00, '2026-02-11 07:03:02'),
('ACC-CLT-OS', 'Clutch Bag', 'Accessories', 1599.00, '2026-02-11 07:03:02'),
('ACC-CNT-OS', 'Countdown Earrings', 'Accessories', 799.00, '2026-02-11 07:03:02'),
('ACC-CRY-OS', 'Crystal Bracelet', 'Accessories', 999.00, '2026-02-11 07:03:02'),
('ACC-DIS-OS', 'Discount Find Bag', 'Accessories', 1299.00, '2026-02-11 07:03:02'),
('ACC-DMD-OS', 'Diamond Studs', 'Accessories', 1499.00, '2026-02-11 07:03:02'),
('ACC-DRM-OS', 'Dream Catcher Earrings', 'Accessories', 699.00, '2026-02-11 07:03:02'),
('ACC-EAR-OS', 'Hoop Earrings', 'Accessories', 799.00, '2026-02-11 07:03:02'),
('ACC-ERM-OS', 'Ear Muffs', 'Accessories', 499.00, '2026-02-11 07:03:02'),
('ACC-FNL-OS', 'Finale Necklace', 'Accessories', 1399.00, '2026-02-11 07:03:02'),
('ACC-GEM-OS', 'Gemstone Ring', 'Accessories', 1099.00, '2026-02-11 07:03:02'),
('ACC-GFT-OS', 'Gift Box Clutch', 'Accessories', 1399.00, '2026-02-11 07:03:02'),
('ACC-GLD-OS', 'Gold Cuff', 'Accessories', 1199.00, '2026-02-11 07:03:02'),
('ACC-GLW-OS', 'Glow Bracelet', 'Accessories', 699.00, '2026-02-11 07:03:02'),
('ACC-HAT-OS', 'Fedora Hat', 'Accessories', 1099.00, '2026-02-11 07:03:02'),
('ACC-HBG-OS', 'Hobo Bag', 'Accessories', 1899.00, '2026-02-11 07:03:02'),
('ACC-HDB-OS', 'Embellished Handbag', 'Accessories', 2499.00, '2026-02-11 07:03:02'),
('ACC-HDR-OS', 'Hairband', 'Accessories', 399.00, '2026-02-11 07:03:02'),
('ACC-HRM-OS', 'Hair Clip Set', 'Accessories', 499.00, '2026-02-11 07:03:02'),
('ACC-JHM-OS', 'Jhumka Earrings', 'Accessories', 999.00, '2026-02-11 07:03:02'),
('ACC-JWL-OS', 'Statement Earrings', 'Accessories', 599.00, '2026-02-11 07:03:02'),
('ACC-KDN-OS', 'Kundan Set', 'Accessories', 2499.00, '2026-02-11 07:03:02'),
('ACC-LCK-OS', 'Lucky Charm Bracelet', 'Accessories', 599.00, '2026-02-11 07:03:02'),
('ACC-MFL-OS', 'Cashmere Scarf', 'Accessories', 1499.00, '2026-02-11 07:03:02'),
('ACC-MNG-OS', 'Maang Tikka Set', 'Accessories', 899.00, '2026-02-11 07:03:02'),
('ACC-MNP-OS', 'Mang Patti', 'Accessories', 799.00, '2026-02-11 07:03:02'),
('ACC-MRY-OS', 'Merry Earrings', 'Accessories', 599.00, '2026-02-11 07:03:02'),
('ACC-MSK-OS', 'Mask Chain', 'Accessories', 399.00, '2026-02-11 07:03:02'),
('ACC-MTL-OS', 'Metal Belt', 'Accessories', 899.00, '2026-02-11 07:03:02'),
('ACC-NCK-OS', 'Pendant Necklace', 'Accessories', 1299.00, '2026-02-11 07:03:02'),
('ACC-NWY-OS', 'New Year Tiara', 'Accessories', 799.00, '2026-02-11 07:03:02'),
('ACC-NYE-OS', 'NYE Headpiece', 'Accessories', 1199.00, '2026-02-11 07:03:02'),
('ACC-PIN-OS', 'Brooch Pin', 'Accessories', 399.00, '2026-02-11 07:03:02'),
('ACC-PRL-OS', 'Pearl Earrings', 'Accessories', 799.00, '2026-02-11 07:03:02'),
('ACC-PRT-OS', 'Party Earrings', 'Accessories', 899.00, '2026-02-11 07:03:02'),
('ACC-RBN-OS', 'Ribbon Choker', 'Accessories', 499.00, '2026-02-11 07:03:02'),
('ACC-RNG-OS', 'Cocktail Ring', 'Accessories', 699.00, '2026-02-11 07:03:02'),
('ACC-SCF-OS', 'Silk Scarf', 'Accessories', 799.00, '2026-02-11 07:03:02'),
('ACC-SCR-OS', 'Hair Scrunchie', 'Accessories', 299.00, '2026-02-11 07:03:02'),
('ACC-SHD-OS', 'Shoulder Bag', 'Accessories', 1799.00, '2026-02-11 07:03:02'),
('ACC-SLV-OS', 'Silver Bangle', 'Accessories', 899.00, '2026-02-11 07:03:02'),
('ACC-SNF-OS', 'Snowflake Pendant', 'Accessories', 899.00, '2026-02-11 07:03:02'),
('ACC-SNG-OS', 'Sunglasses', 'Accessories', 1499.00, '2026-02-11 07:03:02'),
('ACC-SPR-OS', 'Sparkle Hair Clip', 'Accessories', 599.00, '2026-02-11 07:03:02'),
('ACC-STL-OS', 'Statement Necklace', 'Accessories', 1299.00, '2026-02-11 07:03:02'),
('ACC-STN-OS', 'Stone Necklace', 'Accessories', 1299.00, '2026-02-11 07:03:02'),
('ACC-TBR-OS', 'Tassel Earrings', 'Accessories', 699.00, '2026-02-11 07:03:02'),
('ACC-TKA-OS', 'Tikka Headpiece', 'Accessories', 1199.00, '2026-02-11 07:03:02'),
('ACC-TOT-OS', 'Canvas Tote', 'Accessories', 999.00, '2026-02-11 07:03:02'),
('ACC-TRA-OS', 'Tiara Headband', 'Accessories', 999.00, '2026-02-11 07:03:02'),
('ACC-WCH-OS', 'Fashion Watch', 'Accessories', 2999.00, '2026-02-11 07:03:02'),
('ACC-WRM-OS', 'Warm Wishes Scarf', 'Accessories', 1199.00, '2026-02-11 07:03:02'),
('ACC-WVN-OS', 'Woven Bag', 'Accessories', 1599.00, '2026-02-11 07:03:02'),
('BOT-BND-L', 'Banded Pants', 'Bottoms', 1899.00, '2026-02-11 07:03:02'),
('BOT-BRC-L', 'Brocade Pants', 'Bottoms', 2999.00, '2026-02-11 07:03:02'),
('BOT-BRT-M', 'Bright Night Pants', 'Bottoms', 2499.00, '2026-02-11 07:03:02'),
('BOT-CHM-S', 'Champagne Pants', 'Bottoms', 2699.00, '2026-02-11 07:03:02'),
('BOT-CHP-M', 'Chino Pants', 'Bottoms', 1999.00, '2026-02-11 07:03:02'),
('BOT-CHR-M', 'Cheer Pants', 'Bottoms', 2499.00, '2026-02-11 07:03:02'),
('BOT-CRG-L', 'Cargo Pants', 'Bottoms', 2199.00, '2026-02-11 07:03:02'),
('BOT-CRG-S', 'Cargo Shorts', 'Bottoms', 1499.00, '2026-02-11 07:03:02'),
('BOT-CRP-S', 'Cropped Pants', 'Bottoms', 1799.00, '2026-02-11 07:03:02'),
('BOT-CUT-M', 'Culottes', 'Bottoms', 1699.00, '2026-02-11 07:03:02'),
('BOT-DHT-L', 'Dhoti Pants', 'Bottoms', 1799.00, '2026-02-11 07:03:02'),
('BOT-DNM-S', 'Denim Shorts', 'Bottoms', 1599.00, '2026-02-11 07:03:02'),
('BOT-DOT-M', 'Polka Dot Pants', 'Bottoms', 1799.00, '2026-02-11 07:03:02'),
('BOT-EMB-S', 'Embroidered Pants', 'Bottoms', 2099.00, '2026-02-11 07:03:02'),
('BOT-END-L', 'Year End Pants', 'Bottoms', 2599.00, '2026-02-11 07:03:02'),
('BOT-ETH-M', 'Palazzo Pants', 'Bottoms', 1899.00, '2026-02-11 07:03:02'),
('BOT-FLC-M', 'Fleece Joggers', 'Bottoms', 1799.00, '2026-02-11 07:03:02'),
('BOT-FLR-S', 'Flared Jeans', 'Bottoms', 2099.00, '2026-02-11 07:03:02'),
('BOT-FNL-S', 'Final Sale Pants', 'Bottoms', 1799.00, '2026-02-11 07:03:02'),
('BOT-FNS-M', 'Finish Line Pants', 'Bottoms', 2299.00, '2026-02-11 07:03:02'),
('BOT-FRN-L', 'Fringe Pants', 'Bottoms', 2199.00, '2026-02-11 07:03:02'),
('BOT-FRZ-M', 'Frozen Pants', 'Bottoms', 2399.00, '2026-02-11 07:03:02'),
('BOT-FST-S', 'Festive Pants', 'Bottoms', 2199.00, '2026-02-11 07:03:02'),
('BOT-GLD-S', 'Gold Rush Pants', 'Bottoms', 2799.00, '2026-02-11 07:03:02'),
('BOT-GLM-S', 'Glam Pants', 'Bottoms', 2499.00, '2026-02-11 07:03:02'),
('BOT-GLT-S', 'Glitter Pants', 'Bottoms', 2299.00, '2026-02-11 07:03:02'),
('BOT-GRR-M', 'Gharara Pants', 'Bottoms', 2599.00, '2026-02-11 07:03:02'),
('BOT-HLD-S', 'Holiday Special Pants', 'Bottoms', 2299.00, '2026-02-11 07:03:02'),
('BOT-HRM-M', 'Harem Pants', 'Bottoms', 1799.00, '2026-02-11 07:03:02'),
('BOT-JGR-L', 'Jogger Pants', 'Bottoms', 1599.00, '2026-02-11 07:03:02'),
('BOT-JGR-M', 'Joggers', 'Bottoms', 1499.00, '2026-02-11 07:03:02'),
('BOT-KLN-M', 'Kalamkari Pants', 'Bottoms', 1699.00, '2026-02-11 07:03:02'),
('BOT-LGN-S', 'Leggings', 'Bottoms', 999.00, '2026-02-11 07:03:02'),
('BOT-LHG-S', 'Lehenga Skirt', 'Bottoms', 5499.00, '2026-02-11 07:03:02'),
('BOT-LME-L', 'Lame Pants', 'Bottoms', 2599.00, '2026-02-11 07:03:02'),
('BOT-LTX-S', 'Latex Pants', 'Bottoms', 2799.00, '2026-02-11 07:03:02'),
('BOT-MRY-S', 'Merry Leggings', 'Bottoms', 1899.00, '2026-02-11 07:03:02'),
('BOT-MTL-M', 'Metallic Pants', 'Bottoms', 2399.00, '2026-02-11 07:03:02'),
('BOT-NEW-S', 'New Beginning Pants', 'Bottoms', 2099.00, '2026-02-11 07:03:02'),
('BOT-NYS-M', 'NYE Skirt', 'Bottoms', 2399.00, '2026-02-11 07:03:02'),
('BOT-ORG-M', 'Organza Pants', 'Bottoms', 2399.00, '2026-02-11 07:03:02'),
('BOT-PLT-L', 'Pleated Trousers', 'Bottoms', 2199.00, '2026-02-11 07:03:02'),
('BOT-PLZ-L', 'Palazzo Pants', 'Bottoms', 1699.00, '2026-02-11 07:03:02'),
('BOT-PPR-M', 'Paper Bag Pants', 'Bottoms', 1899.00, '2026-02-11 07:03:02'),
('BOT-PRY-S', 'Party Leggings', 'Bottoms', 1899.00, '2026-02-11 07:03:02'),
('BOT-PTL-L', 'Patiala Pants', 'Bottoms', 1499.00, '2026-02-11 07:03:02'),
('BOT-PTW-M', 'Patchwork Pants', 'Bottoms', 2099.00, '2026-02-11 07:03:02'),
('BOT-RES-M', 'Resolution Pants', 'Bottoms', 2299.00, '2026-02-11 07:03:02'),
('BOT-SHT-M', 'Cotton Shorts', 'Bottoms', 1199.00, '2026-02-11 07:03:02'),
('BOT-SKN-M', 'Skinny Jeans', 'Bottoms', 2199.00, '2026-02-11 07:03:02'),
('BOT-SKT-S', 'Pleated Skirt', 'Bottoms', 1799.00, '2026-02-11 07:03:02'),
('BOT-SLE-M', 'Sale Season Pants', 'Bottoms', 2199.00, '2026-02-11 07:03:02'),
('BOT-SLK-M', 'Silk Pants', 'Bottoms', 3299.00, '2026-02-11 07:03:02'),
('BOT-SLK-S', 'Silk Trousers', 'Bottoms', 2899.00, '2026-02-11 07:03:02'),
('BOT-SQN-L', 'Sequin Skirt', 'Bottoms', 2699.00, '2026-02-11 07:03:02'),
('BOT-SQN-M', 'Sequin Skirt', 'Bottoms', 2199.00, '2026-02-11 07:03:02'),
('BOT-STN-M', 'Satin Pants', 'Bottoms', 2199.00, '2026-02-11 07:03:02'),
('BOT-STR-L', 'Straight Pants', 'Bottoms', 1999.00, '2026-02-11 07:03:02'),
('BOT-TIE-S', 'Tie Dye Pants', 'Bottoms', 1599.00, '2026-02-11 07:03:02'),
('BOT-TRS-L', 'Formal Trousers', 'Bottoms', 2299.00, '2026-02-11 07:03:02'),
('BOT-TRS-M', 'Tailored Trousers', 'Bottoms', 2399.00, '2026-02-11 07:03:02'),
('BOT-VLT-L', 'Velvet Pants', 'Bottoms', 2499.00, '2026-02-11 07:03:02'),
('BOT-VLV-S', 'Velvet Pants', 'Bottoms', 2599.00, '2026-02-11 07:03:02'),
('BOT-WDE-L', 'Wide Leg Pants', 'Bottoms', 2299.00, '2026-02-11 07:03:02'),
('BOT-WID-M', 'Wide Leg Pants', 'Bottoms', 2099.00, '2026-02-11 07:03:02'),
('BOT-WOL-L', 'Wool Trousers', 'Bottoms', 2999.00, '2026-02-11 07:03:02'),
('DRS-ANK-S', 'Anarkali Dress', 'Dresses', 4299.00, '2026-02-11 07:03:02'),
('DRS-ASY-M', 'Asymmetric Dress', 'Dresses', 2899.00, '2026-02-11 07:03:02'),
('DRS-BDC-S', 'Bodycon Dress', 'Dresses', 2299.00, '2026-02-11 07:03:02'),
('DRS-BLB-S', 'Balloon Sleeve Dress', 'Dresses', 2799.00, '2026-02-11 07:03:02'),
('DRS-BLK-L', 'Block Print Dress', 'Dresses', 2599.00, '2026-02-11 07:03:02'),
('DRS-BLS-M', 'Bliss Dress', 'Dresses', 3899.00, '2026-02-11 07:03:02'),
('DRS-BND-M', 'Bandhani Dress', 'Dresses', 3899.00, '2026-02-11 07:03:02'),
('DRS-BOX-S', 'Boxing Day Dress', 'Dresses', 2999.00, '2026-02-11 07:03:02'),
('DRS-BTR-M', 'Butterfly Dress', 'Dresses', 2899.00, '2026-02-11 07:03:02'),
('DRS-CAS-M', 'A-Line Dress', 'Dresses', 2199.00, '2026-02-11 07:03:02'),
('DRS-CCK-M', 'Cocktail Dress', 'Dresses', 3699.00, '2026-02-11 07:03:02'),
('DRS-CCT-S', 'Cocktail Dress', 'Dresses', 3299.00, '2026-02-11 07:03:02'),
('DRS-CHF-S', 'Chiffon Dress', 'Dresses', 2799.00, '2026-02-11 07:03:02'),
('DRS-CNT-L', 'Countdown Dress', 'Dresses', 3599.00, '2026-02-11 07:03:02'),
('DRS-CNT-S', 'Countdown Dress', 'Dresses', 4499.00, '2026-02-11 07:03:02'),
('DRS-CRO-S', 'Crochet Dress', 'Dresses', 3199.00, '2026-02-11 07:03:02'),
('DRS-CTN-L', 'Cotton Dress', 'Dresses', 1899.00, '2026-02-11 07:03:02'),
('DRS-END-L', 'Year End Dress', 'Dresses', 3499.00, '2026-02-11 07:03:02'),
('DRS-EVE-S', 'Evening Gown', 'Dresses', 5499.00, '2026-02-11 07:03:02'),
('DRS-FES-L', 'Festive Gown', 'Dresses', 7499.00, '2026-02-11 07:03:02'),
('DRS-FES-M', 'Festive Kurta Set', 'Dresses', 3499.00, '2026-02-11 07:03:02'),
('DRS-FIT-S', 'Fit & Flare Dress', 'Dresses', 2499.00, '2026-02-11 07:03:02'),
('DRS-FLR-S', 'Floral Print Dress', 'Dresses', 2399.00, '2026-02-11 07:03:02'),
('DRS-FNL-L', 'Finale Gown', 'Dresses', 5999.00, '2026-02-11 07:03:02'),
('DRS-FRM-S', 'Floral Midi Dress', 'Dresses', 2499.00, '2026-02-11 07:03:02'),
('DRS-GLM-M', 'Glamour Dress', 'Dresses', 3499.00, '2026-02-11 07:03:02'),
('DRS-GLT-M', 'Glitter Dress', 'Dresses', 3799.00, '2026-02-11 07:03:02'),
('DRS-ICE-S', 'Ice Queen Dress', 'Dresses', 3999.00, '2026-02-11 07:03:02'),
('DRS-IDR-S', 'Ikat Dress', 'Dresses', 2799.00, '2026-02-11 07:03:02'),
('DRS-KNT-S', 'Knit Dress', 'Dresses', 2499.00, '2026-02-11 07:03:02'),
('DRS-LHG-M', 'Lehenga Set', 'Dresses', 8999.00, '2026-02-11 07:03:02'),
('DRS-LKH-M', 'Lucknowi Dress', 'Dresses', 4899.00, '2026-02-11 07:03:02'),
('DRS-LST-M', 'Lace Trim Dress', 'Dresses', 2599.00, '2026-02-11 07:03:02'),
('DRS-MAX-M', 'Maxi Dress', 'Dresses', 2899.00, '2026-02-11 07:03:02'),
('DRS-MID-S', 'Midnight Dress', 'Dresses', 4299.00, '2026-02-11 07:03:02'),
('DRS-MXI-L', 'Maxi Dress', 'Dresses', 2799.00, '2026-02-11 07:03:02'),
('DRS-NYE-L', 'New Year Gown', 'Dresses', 5499.00, '2026-02-11 07:03:02'),
('DRS-NYE-S', 'Sequin Party Dress', 'Dresses', 4999.00, '2026-02-11 07:03:02'),
('DRS-NYR-L', 'New Year Ready Dress', 'Dresses', 4699.00, '2026-02-11 07:03:02'),
('DRS-PIN-M', 'Pinafore Dress', 'Dresses', 2299.00, '2026-02-11 07:03:02'),
('DRS-PLT-M', 'Pleated Dress', 'Dresses', 2899.00, '2026-02-11 07:03:02'),
('DRS-PLT-S', 'Pleated Midi Dress', 'Dresses', 2699.00, '2026-02-11 07:03:02'),
('DRS-PRO-L', 'Promise Dress', 'Dresses', 3899.00, '2026-02-11 07:03:02'),
('DRS-PRT-S', 'Party Dress', 'Dresses', 3299.00, '2026-02-11 07:03:02'),
('DRS-PRY-M', 'Party Maxi', 'Dresses', 3999.00, '2026-02-11 07:03:02'),
('DRS-PTL-M', 'Patiala Suit', 'Dresses', 4599.00, '2026-02-11 07:03:02'),
('DRS-RDY-S', 'Ready to Party Dress', 'Dresses', 3599.00, '2026-02-11 07:03:02'),
('DRS-RFL-S', 'Ruffle Dress', 'Dresses', 2699.00, '2026-02-11 07:03:02'),
('DRS-SAR-M', 'Saree Gown', 'Dresses', 6999.00, '2026-02-11 07:03:02'),
('DRS-SHN-L', 'Shine On Dress', 'Dresses', 4199.00, '2026-02-11 07:03:02'),
('DRS-SHR-S', 'Shirtdress', 'Dresses', 2399.00, '2026-02-11 07:03:02'),
('DRS-SHT-XS', 'Shirt Dress', 'Dresses', 2399.00, '2026-02-11 07:03:02'),
('DRS-SLP-M', 'Slip Dress', 'Dresses', 2199.00, '2026-02-11 07:03:02'),
('DRS-SMK-S', 'Smocked Dress', 'Dresses', 2199.00, '2026-02-11 07:03:02'),
('DRS-SPL-L', 'Sparkle Gown', 'Dresses', 4999.00, '2026-02-11 07:03:02'),
('DRS-SPR-S', 'Sparkle Season Dress', 'Dresses', 3799.00, '2026-02-11 07:03:02'),
('DRS-SQN-L', 'Sequin Midi Dress', 'Dresses', 3799.00, '2026-02-11 07:03:02'),
('DRS-STR-L', 'Star Bright Dress', 'Dresses', 4299.00, '2026-02-11 07:03:02'),
('DRS-STR-S', 'Star Print Dress', 'Dresses', 2599.00, '2026-02-11 07:03:02'),
('DRS-SUN-M', 'Sundress', 'Dresses', 1999.00, '2026-02-11 07:03:02'),
('DRS-TIR-S', 'Tiered Dress', 'Dresses', 2799.00, '2026-02-11 07:03:02'),
('DRS-TRF-M', 'Tiered Ruffle Dress', 'Dresses', 2999.00, '2026-02-11 07:03:02'),
('DRS-VLR-S', 'Velour Dress', 'Dresses', 2999.00, '2026-02-11 07:03:02'),
('DRS-WLC-S', 'Welcome 2025 Dress', 'Dresses', 4099.00, '2026-02-11 07:03:02'),
('DRS-WND-L', 'Winter Wonder Dress', 'Dresses', 4499.00, '2026-02-11 07:03:02'),
('DRS-WRK-M', 'Work Dress', 'Dresses', 2699.00, '2026-02-11 07:03:02'),
('DRS-WRM-M', 'Wrap Dress', 'Dresses', 2499.00, '2026-02-11 07:03:02'),
('DRS-WRP-M', 'Wrap Dress', 'Dresses', 2599.00, '2026-02-11 07:03:02'),
('OUT-BLR-L', 'Blazer', 'Outerwear', 3999.00, '2026-02-11 07:03:02'),
('OUT-BLS-M', 'Brocade Blazer', 'Outerwear', 4999.00, '2026-02-11 07:03:02'),
('OUT-BLZ-M', 'Casual Blazer', 'Outerwear', 4999.00, '2026-02-11 07:03:02'),
('OUT-BLZ-S', 'Tuxedo Blazer', 'Outerwear', 5499.00, '2026-02-11 07:03:02'),
('OUT-BOM-M', 'Bomber Jacket', 'Outerwear', 3799.00, '2026-02-11 07:03:02'),
('OUT-CDG-M', 'Cardigan', 'Outerwear', 2599.00, '2026-02-11 07:03:02'),
('OUT-CEL-M', 'Celebrate Blazer', 'Outerwear', 5399.00, '2026-02-11 07:03:02'),
('OUT-CHK-M', 'Check Coat', 'Outerwear', 6299.00, '2026-02-11 07:03:02'),
('OUT-CHR-M', 'Christmas Jacket', 'Outerwear', 4999.00, '2026-02-11 07:03:02'),
('OUT-CLB-M', 'Celebration Blazer', 'Outerwear', 5299.00, '2026-02-11 07:03:02'),
('OUT-CML-M', 'Camel Coat', 'Outerwear', 7499.00, '2026-02-11 07:03:02'),
('OUT-COT-M', 'Puffer Coat', 'Outerwear', 6499.00, '2026-02-11 07:03:02'),
('OUT-CPE-M', 'Cape Coat', 'Outerwear', 5999.00, '2026-02-11 07:03:02'),
('OUT-CRD-L', 'Knit Cardigan', 'Outerwear', 2799.00, '2026-02-11 07:03:02'),
('OUT-DNM-L', 'Denim Vest', 'Outerwear', 2499.00, '2026-02-11 07:03:02'),
('OUT-DWN-M', 'Down Jacket', 'Outerwear', 7999.00, '2026-02-11 07:03:02'),
('OUT-DZL-M', 'Dazzle Jacket', 'Outerwear', 5499.00, '2026-02-11 07:03:02'),
('OUT-EMB-M', 'Embellished Jacket', 'Outerwear', 5299.00, '2026-02-11 07:03:02'),
('OUT-END-L', 'End of Year Coat', 'Outerwear', 6799.00, '2026-02-11 07:03:02'),
('OUT-ETH-L', 'Embroidered Jacket', 'Outerwear', 5999.00, '2026-02-11 07:03:02'),
('OUT-FLC-M', 'Fleece Jacket', 'Outerwear', 2999.00, '2026-02-11 07:03:02'),
('OUT-FRE-M', 'Fresh Start Jacket', 'Outerwear', 4899.00, '2026-02-11 07:03:02'),
('OUT-FRM-L', 'Formal Coat', 'Outerwear', 6499.00, '2026-02-11 07:03:02'),
('OUT-FRS-L', 'Frost Jacket', 'Outerwear', 6299.00, '2026-02-11 07:03:02'),
('OUT-FUR-L', 'Faux Fur Coat', 'Outerwear', 8999.00, '2026-02-11 07:03:02'),
('OUT-FXF-M', 'Faux Fur Jacket', 'Outerwear', 5999.00, '2026-02-11 07:03:02'),
('OUT-GLM-M', 'Glam Jacket', 'Outerwear', 5299.00, '2026-02-11 07:03:02'),
('OUT-HOL-M', 'Holiday Jacket', 'Outerwear', 5199.00, '2026-02-11 07:03:02'),
('OUT-HOP-L', 'Hope Coat', 'Outerwear', 5799.00, '2026-02-11 07:03:02'),
('OUT-HRN-L', 'Herringbone Coat', 'Outerwear', 6999.00, '2026-02-11 07:03:02'),
('OUT-JKT-XL', 'Denim Jacket', 'Outerwear', 3499.00, '2026-02-11 07:03:02'),
('OUT-JOL-M', 'Jolly Jacket', 'Outerwear', 4999.00, '2026-02-11 07:03:02'),
('OUT-JQD-L', 'Jacquard Jacket', 'Outerwear', 4599.00, '2026-02-11 07:03:02'),
('OUT-KTH-M', 'Katha Work Jacket', 'Outerwear', 5699.00, '2026-02-11 07:03:02'),
('OUT-KTN-M', 'Katan Silk Jacket', 'Outerwear', 7999.00, '2026-02-11 07:03:02'),
('OUT-LME-L', 'Lame Blazer', 'Outerwear', 4899.00, '2026-02-11 07:03:02'),
('OUT-LST-M', 'Last Chance Jacket', 'Outerwear', 4599.00, '2026-02-11 07:03:02'),
('OUT-LTH-M', 'Leather Jacket', 'Outerwear', 7999.00, '2026-02-11 07:03:02'),
('OUT-MET-L', 'Metallic Coat', 'Outerwear', 6799.00, '2026-02-11 07:03:02'),
('OUT-NYB-L', 'NYE Blazer', 'Outerwear', 5799.00, '2026-02-11 07:03:02'),
('OUT-NYE-M', 'NYE Jacket', 'Outerwear', 5799.00, '2026-02-11 07:03:02'),
('OUT-PHU-L', 'Phulkari Jacket', 'Outerwear', 4299.00, '2026-02-11 07:03:02'),
('OUT-PRK-XL', 'Parka Jacket', 'Outerwear', 5999.00, '2026-02-11 07:03:02'),
('OUT-PRT-M', 'Party Jacket', 'Outerwear', 4999.00, '2026-02-11 07:03:02'),
('OUT-PUF-M', 'Puffer Jacket', 'Outerwear', 4299.00, '2026-02-11 07:03:02'),
('OUT-QTD-L', 'Quilted Jacket', 'Outerwear', 4499.00, '2026-02-11 07:03:02'),
('OUT-RSE-M', 'Rose Gold Jacket', 'Outerwear', 5599.00, '2026-02-11 07:03:02'),
('OUT-SAL-L', 'Sale Special Coat', 'Outerwear', 5999.00, '2026-02-11 07:03:02'),
('OUT-SHN-L', 'Shiny Jacket', 'Outerwear', 4899.00, '2026-02-11 07:03:02'),
('OUT-SHR-L', 'Shrug', 'Outerwear', 1299.00, '2026-02-11 07:03:02'),
('OUT-SHW-L', 'Shawl Wrap', 'Outerwear', 2799.00, '2026-02-11 07:03:02'),
('OUT-SPK-M', 'Sparkle Jacket', 'Outerwear', 5499.00, '2026-02-11 07:03:02'),
('OUT-SQN-M', 'Sequin Jacket', 'Outerwear', 5999.00, '2026-02-11 07:03:02'),
('OUT-STR-L', 'Striped Blazer', 'Outerwear', 4199.00, '2026-02-11 07:03:02'),
('OUT-TRN-L', 'Trench Coat', 'Outerwear', 4599.00, '2026-02-11 07:03:02'),
('OUT-TRN-M', 'Trench Coat', 'Outerwear', 5499.00, '2026-02-11 07:03:02'),
('OUT-TWD-M', 'Tweed Jacket', 'Outerwear', 5599.00, '2026-02-11 07:03:02'),
('OUT-VLV-L', 'Velvet Blazer', 'Outerwear', 4999.00, '2026-02-11 07:03:02'),
('OUT-VST-S', 'Puffer Vest', 'Outerwear', 3999.00, '2026-02-11 07:03:02'),
('OUT-WND-L', 'Windbreaker', 'Outerwear', 3299.00, '2026-02-11 07:03:02'),
('OUT-WNT-L', 'Winter Wonderland Coat', 'Outerwear', 7299.00, '2026-02-11 07:03:02'),
('OUT-WOL-L', 'Wool Coat', 'Outerwear', 6999.00, '2026-02-11 07:03:02'),
('OUT-XMS-L', 'Christmas Coat', 'Outerwear', 6499.00, '2026-02-11 07:03:02'),
('OUT-ZRI-M', 'Zari Work Jacket', 'Outerwear', 6499.00, '2026-02-11 07:03:02'),
('TOP-AJR-M', 'Ajrakh Print Top', 'Tops', 1799.00, '2026-02-11 07:03:02'),
('TOP-BAS-M', 'Basic Tank', 'Tops', 899.00, '2026-02-11 07:03:02'),
('TOP-BDS-M', 'Beaded Top', 'Tops', 2299.00, '2026-02-11 07:03:02'),
('TOP-BEG-L', 'Begin Again Top', 'Tops', 2199.00, '2026-02-11 07:03:02'),
('TOP-BLN-L', 'Balloon Sleeve Top', 'Tops', 1699.00, '2026-02-11 07:03:02'),
('TOP-BND-S', 'Bandhej Top', 'Tops', 1899.00, '2026-02-11 07:03:02'),
('TOP-BTN-M', 'Button-Down Shirt', 'Tops', 1799.00, '2026-02-11 07:03:02'),
('TOP-BYE-L', 'Goodbye 2024 Top', 'Tops', 1899.00, '2026-02-11 07:03:02'),
('TOP-CAS-M', 'Classic Cotton Tee', 'Tops', 1299.00, '2026-02-11 07:03:02'),
('TOP-CAS-XL', 'Oversized Tee', 'Tops', 1399.00, '2026-02-11 07:03:02'),
('TOP-CEL-L', 'Celebration Top', 'Tops', 2199.00, '2026-02-11 07:03:02'),
('TOP-CHK-L', 'Chikankari Top', 'Tops', 2299.00, '2026-02-11 07:03:02'),
('TOP-CLR-M', 'Clearance Top', 'Tops', 999.00, '2026-02-11 07:03:02'),
('TOP-CRP-XS', 'Crop Top', 'Tops', 999.00, '2026-02-11 07:03:02'),
('TOP-CRW-L', 'Crew Neck Tee', 'Tops', 1199.00, '2026-02-11 07:03:02'),
('TOP-CWL-M', 'Cowl Neck Top', 'Tops', 1599.00, '2026-02-11 07:03:02'),
('TOP-DNM-M', 'Denim Shirt', 'Tops', 1899.00, '2026-02-11 07:03:02'),
('TOP-EMB-M', 'Embroidered Top', 'Tops', 1899.00, '2026-02-11 07:03:02'),
('TOP-ETH-M', 'Embroidered Kurti', 'Tops', 2599.00, '2026-02-11 07:03:02'),
('TOP-FES-S', 'Festive Blouse', 'Tops', 2299.00, '2026-02-11 07:03:02'),
('TOP-FLK-L', 'Snowflake Top', 'Tops', 2199.00, '2026-02-11 07:03:02'),
('TOP-FRM-S', 'Printed Blouse', 'Tops', 1599.00, '2026-02-11 07:03:02'),
('TOP-FTH-S', 'Feather Trim Top', 'Tops', 2099.00, '2026-02-11 07:03:02'),
('TOP-FTR-S', 'Feather Top', 'Tops', 1899.00, '2026-02-11 07:03:02'),
('TOP-GLS-M', 'Glass Bead Top', 'Tops', 2399.00, '2026-02-11 07:03:02'),
('TOP-GLT-L', 'Glitter Tank', 'Tops', 1599.00, '2026-02-11 07:03:02'),
('TOP-GOT-S', 'Gota Patti Top', 'Tops', 2799.00, '2026-02-11 07:03:02'),
('TOP-GRF-M', 'Graphic Tee', 'Tops', 1299.00, '2026-02-11 07:03:02'),
('TOP-HLT-L', 'Halter Top', 'Tops', 1399.00, '2026-02-11 07:03:02'),
('TOP-HLY-L', 'Holly Top', 'Tops', 2099.00, '2026-02-11 07:03:02'),
('TOP-HOD-L', 'Zip Hoodie', 'Tops', 2499.00, '2026-02-11 07:03:02'),
('TOP-JOY-M', 'Joyful Top', 'Tops', 1899.00, '2026-02-11 07:03:02'),
('TOP-KNT-M', 'Knotted Top', 'Tops', 1599.00, '2026-02-11 07:03:02'),
('TOP-KSH-L', 'Kashmiri Top', 'Tops', 2999.00, '2026-02-11 07:03:02'),
('TOP-LCE-M', 'Lace Top', 'Tops', 1699.00, '2026-02-11 07:03:02'),
('TOP-LST-S', 'Last Dance Top', 'Tops', 1999.00, '2026-02-11 07:03:02'),
('TOP-MCR-M', 'Macrame Top', 'Tops', 1899.00, '2026-02-11 07:03:02'),
('TOP-MET-S', 'Metallic Blouse', 'Tops', 2199.00, '2026-02-11 07:03:02'),
('TOP-MRR-S', 'Mirror Work Top', 'Tops', 2499.00, '2026-02-11 07:03:02'),
('TOP-MTL-S', 'Metallic Top', 'Tops', 1999.00, '2026-02-11 07:03:02'),
('TOP-NYE-XS', 'Party Bodysuit', 'Tops', 1899.00, '2026-02-11 07:03:02'),
('TOP-OFF-M', 'Off-Shoulder Top', 'Tops', 1599.00, '2026-02-11 07:03:02'),
('TOP-PEP-M', 'Peplum Top', 'Tops', 1499.00, '2026-02-11 07:03:02'),
('TOP-PLO-L', 'Polo Shirt', 'Tops', 1799.00, '2026-02-11 07:03:02'),
('TOP-PRN-L', 'Printed Kurta', 'Tops', 2099.00, '2026-02-11 07:03:02'),
('TOP-PRY-M', 'Party Essential Top', 'Tops', 1799.00, '2026-02-11 07:03:02'),
('TOP-RCH-S', 'Rouched Top', 'Tops', 1499.00, '2026-02-11 07:03:02'),
('TOP-RDR-M', 'Reindeer Top', 'Tops', 1799.00, '2026-02-11 07:03:02'),
('TOP-RFL-S', 'Ruffle Top', 'Tops', 1799.00, '2026-02-11 07:03:02'),
('TOP-SHM-M', 'Shimmer Top', 'Tops', 1899.00, '2026-02-11 07:03:02'),
('TOP-SHR-L', 'Sheer Top', 'Tops', 1699.00, '2026-02-11 07:03:02'),
('TOP-SLB-L', 'Celebrate Top', 'Tops', 2299.00, '2026-02-11 07:03:02'),
('TOP-SLK-M', 'Silk Blouse', 'Tops', 2499.00, '2026-02-11 07:03:02'),
('TOP-SLV-S', 'Sleeveless Top', 'Tops', 1199.00, '2026-02-11 07:03:02'),
('TOP-SNW-L', 'Snow White Top', 'Tops', 2099.00, '2026-02-11 07:03:02'),
('TOP-SPK-M', 'Sparkle Top', 'Tops', 2299.00, '2026-02-11 07:03:02'),
('TOP-SQN-S', 'Sequin Top', 'Tops', 1999.00, '2026-02-11 07:03:02'),
('TOP-SQR-M', 'Square Neck Top', 'Tops', 1499.00, '2026-02-11 07:03:02'),
('TOP-STR-S', 'Striped Tee', 'Tops', 1299.00, '2026-02-11 07:03:02'),
('TOP-SWT-S', 'Cropped Sweater', 'Tops', 2199.00, '2026-02-11 07:03:02'),
('TOP-THR-L', 'Thermal Top', 'Tops', 1599.00, '2026-02-11 07:03:02'),
('TOP-TIE-S', 'Tie-Front Top', 'Tops', 1399.00, '2026-02-11 07:03:02'),
('TOP-TUN-L', 'Tunic Top', 'Tops', 1699.00, '2026-02-11 07:03:02'),
('TOP-TXD-L', 'Textured Top', 'Tops', 1799.00, '2026-02-11 07:03:02'),
('TOP-VLV-S', 'Velvet Top', 'Tops', 1999.00, '2026-02-11 07:03:02'),
('TOP-VNK-L', 'V-Neck Tee', 'Tops', 1099.00, '2026-02-11 07:03:02'),
('TOP-VNY-M', 'Vinyl Top', 'Tops', 1999.00, '2026-02-11 07:03:02'),
('TOP-WIS-M', 'Wishes Top', 'Tops', 1999.00, '2026-02-11 07:03:02'),
('TOP-XMS-M', 'Christmas Spirit Top', 'Tops', 1999.00, '2026-02-11 07:03:02'),
('TOP-YRS-L', 'Year End Top', 'Tops', 2099.00, '2026-02-11 07:03:02'),
('TOP-ZAR-L', 'Zardozi Blouse', 'Tops', 3299.00, '2026-02-11 07:03:02');

-- --------------------------------------------------------

--
-- Table structure for table `returns`
--

CREATE TABLE `returns` (
  `return_id` int(11) NOT NULL,
  `order_id` varchar(50) NOT NULL,
  `return_date` date DEFAULT NULL,
  `return_reason` varchar(100) DEFAULT NULL,
  `refund_status` enum('Processed','Pending','Not Applicable') NOT NULL,
  `return_window_days` int(11) DEFAULT NULL,
  `created_at` timestamp NOT NULL DEFAULT current_timestamp()
) ENGINE=InnoDB DEFAULT CHARSET=utf8mb4 COLLATE=utf8mb4_general_ci;

--
-- Dumping data for table `returns`
--

INSERT INTO `returns` (`return_id`, `order_id`, `return_date`, `return_reason`, `refund_status`, `return_window_days`, `created_at`) VALUES
(1, 'UT-100002', '2024-10-15', 'Size Issue', 'Processed', 11, '2026-02-11 07:03:02'),
(2, 'UT-100004', '2024-10-20', 'Quality Defect', 'Processed', 12, '2026-02-11 07:03:02'),
(3, 'UT-100006', '2024-10-18', 'Changed Mind', 'Processed', 11, '2026-02-11 07:03:02'),
(4, 'UT-100009', '2024-10-22', 'Size Issue', 'Processed', 13, '2026-02-11 07:03:02'),
(5, 'UT-100010', '2024-10-25', 'Wrong Item', 'Pending', 14, '2026-02-11 07:03:02'),
(6, 'UT-100014', '2024-10-28', 'Size Issue', 'Processed', 17, '2026-02-11 07:03:02'),
(7, 'UT-100016', '2024-10-26', 'Damaged in Transit', 'Processed', 12, '2026-02-11 07:03:02'),
(8, 'UT-100019', '2024-10-30', 'Size Issue', 'Processed', 17, '2026-02-11 07:03:02'),
(9, 'UT-100022', '2024-02-11', 'Quality Defect', 'Processed', 17, '2026-02-11 07:03:02'),
(10, 'UT-100024', '2024-05-11', 'Changed Mind', 'Processed', 18, '2026-02-11 07:03:02'),
(11, 'UT-100027', '2024-08-11', 'Size Issue', 'Processed', 20, '2026-02-11 07:03:02'),
(12, 'UT-100031', '2024-10-11', 'Size Issue', 'Processed', 20, '2026-02-11 07:03:02'),
(13, 'UT-100033', '2024-05-11', 'Quality Defect', 'Processed', 20, '2026-02-11 07:03:02'),
(14, 'UT-100035', '2024-08-11', 'Size Issue', 'Processed', 22, '2026-02-11 07:03:02'),
(15, 'UT-100037', '2024-12-11', 'Changed Mind', 'Processed', 26, '2026-02-11 07:03:02'),
(16, 'UT-100040', '2024-10-11', 'Size Issue', 'Processed', 22, '2026-02-11 07:03:02'),
(17, 'UT-100042', '2024-08-11', 'Wrong Item', 'Processed', 22, '2026-02-11 07:03:02'),
(18, 'UT-100044', '2024-12-11', 'Damaged in Transit', 'Processed', 22, '2026-02-11 07:03:02'),
(19, 'UT-100048', '2024-11-15', 'Size Issue', 'Processed', 24, '2026-02-11 07:03:02'),
(20, 'UT-100051', '2024-11-14', 'Quality Defect', 'Processed', 23, '2026-02-11 07:03:02'),
(21, 'UT-100053', '2024-11-18', 'Size Issue', 'Processed', 26, '2026-02-11 07:03:02'),
(22, 'UT-100056', '2024-11-16', 'Changed Mind', 'Processed', 24, '2026-02-11 07:03:02'),
(23, 'UT-100058', '2024-11-20', 'Wrong Item', 'Processed', 26, '2026-02-11 07:03:02'),
(24, 'UT-100061', '2024-11-22', 'Size Issue', 'Processed', 27, '2026-02-11 07:03:02'),
(25, 'UT-100063', '2024-11-24', 'Quality Defect', 'Processed', 28, '2026-02-11 07:03:02'),
(26, 'UT-100065', '2024-11-25', 'Size Issue', 'Processed', 28, '2026-02-11 07:03:02'),
(27, 'UT-100067', '2024-11-20', 'Changed Mind', 'Processed', 24, '2026-02-11 07:03:02'),
(28, 'UT-100069', '2024-11-22', 'Damaged in Transit', 'Processed', 26, '2026-02-11 07:03:02'),
(29, 'UT-100073', '2024-11-26', 'Size Issue', 'Processed', 27, '2026-02-11 07:03:02'),
(30, 'UT-100075', '2024-11-28', 'Wrong Item', 'Processed', 29, '2026-02-11 07:03:02'),
(31, 'UT-100077', '2024-11-25', 'Quality Defect', 'Processed', 27, '2026-02-11 07:03:02'),
(32, 'UT-100079', '2024-11-28', 'Size Issue', 'Processed', 29, '2026-02-11 07:03:02'),
(33, 'UT-100081', '2024-11-30', 'Changed Mind', 'Processed', 28, '2026-02-11 07:03:02'),
(34, 'UT-100083', '2024-01-12', 'Size Issue', 'Processed', 28, '2026-02-11 07:03:02'),
(35, 'UT-100086', '2024-11-30', 'Quality Defect', 'Processed', 29, '2026-02-11 07:03:02'),
(36, 'UT-100088', '2024-03-12', 'Wrong Item', 'Processed', 29, '2026-02-11 07:03:02'),
(37, 'UT-100092', '2024-02-12', 'Size Issue', 'Processed', 29, '2026-02-11 07:03:02'),
(38, 'UT-100095', '2024-05-12', 'Damaged in Transit', 'Processed', 30, '2026-02-11 07:03:02'),
(39, 'UT-100097', '2024-05-12', 'Changed Mind', 'Processed', 29, '2026-02-11 07:03:02'),
(40, 'UT-100100', '2024-06-12', 'Size Issue', 'Processed', 29, '2026-02-11 07:03:02'),
(41, 'UT-100102', '2024-04-12', 'Quality Defect', 'Processed', 29, '2026-02-11 07:03:02'),
(42, 'UT-100105', '2024-07-12', 'Wrong Item', 'Processed', 30, '2026-02-11 07:03:02'),
(43, 'UT-100107', '2024-05-12', 'Size Issue', 'Processed', 29, '2026-02-11 07:03:02'),
(44, 'UT-100109', '2024-06-12', 'Damaged in Transit', 'Processed', 29, '2026-02-11 07:03:02'),
(45, 'UT-100111', '2024-11-18', 'Size Issue', 'Processed', 16, '2026-02-11 07:03:02'),
(46, 'UT-100112', '2024-11-20', 'Wrong Item', 'Processed', 17, '2026-02-11 07:03:02'),
(47, 'UT-100113', '2024-11-22', 'Size Issue', 'Processed', 18, '2026-02-11 07:03:02'),
(48, 'UT-100116', '2024-11-25', 'Quality Defect', 'Processed', 20, '2026-02-11 07:03:02'),
(49, 'UT-100117', '2024-11-28', 'Changed Mind', 'Pending', 22, '2026-02-11 07:03:02'),
(50, 'UT-100118', '2024-01-12', 'Size Issue', 'Processed', 24, '2026-02-11 07:03:02'),
(51, 'UT-100119', '2024-02-12', 'Size Issue', 'Processed', 26, '2026-02-11 07:03:02'),
(52, 'UT-100120', '2024-11-30', 'Damaged in Transit', 'Processed', 22, '2026-02-11 07:03:02'),
(53, 'UT-100121', '2024-03-12', 'Quality Defect', 'Processed', 26, '2026-02-11 07:03:02'),
(54, 'UT-100122', '2024-01-12', 'Size Issue', 'Processed', 23, '2026-02-11 07:03:02'),
(55, 'UT-100123', '2024-03-12', 'Size Issue', 'Processed', 24, '2026-02-11 07:03:02'),
(56, 'UT-100126', '2024-05-12', 'Wrong Item', 'Pending', 23, '2026-02-11 07:03:02'),
(57, 'UT-100127', '2024-04-12', 'Size Issue', 'Processed', 23, '2026-02-11 07:03:02'),
(58, 'UT-100128', '2024-06-12', 'Changed Mind', 'Processed', 24, '2026-02-11 07:03:02'),
(59, 'UT-100129', '2024-08-12', 'Quality Defect', 'Processed', 25, '2026-02-11 07:03:02'),
(60, 'UT-100131', '2024-07-12', 'Size Issue', 'Processed', 25, '2026-02-11 07:03:02'),
(61, 'UT-100132', '2024-05-12', 'Wrong Item', 'Processed', 25, '2026-02-11 07:03:02'),
(62, 'UT-100134', '2024-10-12', 'Size Issue', 'Processed', 27, '2026-02-11 07:03:02'),
(63, 'UT-100136', '2024-08-12', 'Quality Defect', 'Processed', 26, '2026-02-11 07:03:02'),
(64, 'UT-100137', '2024-12-12', 'Size Issue', 'Processed', 28, '2026-02-11 07:03:02'),
(65, 'UT-100139', '2024-12-14', 'Changed Mind', 'Processed', 29, '2026-02-11 07:03:02'),
(66, 'UT-100140', '2024-12-12', 'Damaged in Transit', 'Processed', 28, '2026-02-11 07:03:02'),
(67, 'UT-100141', '2024-12-13', 'Size Issue', 'Processed', 28, '2026-02-11 07:03:02'),
(68, 'UT-100142', '2024-12-15', 'Wrong Item', 'Processed', 29, '2026-02-11 07:03:02'),
(69, 'UT-100144', '2024-12-16', 'Quality Defect', 'Processed', 29, '2026-02-11 07:03:02'),
(70, 'UT-100146', '2024-12-15', 'Size Issue', 'Processed', 28, '2026-02-11 07:03:02'),
(71, 'UT-100147', '2024-12-17', 'Changed Mind', 'Processed', 29, '2026-02-11 07:03:02'),
(72, 'UT-100149', '2024-12-18', 'Size Issue', 'Processed', 29, '2026-02-11 07:03:02'),
(73, 'UT-100150', '2024-12-16', 'Damaged in Transit', 'Processed', 28, '2026-02-11 07:03:02'),
(74, 'UT-100152', '2024-12-18', 'Quality Defect', 'Processed', 28, '2026-02-11 07:03:02'),
(75, 'UT-100154', '2024-12-20', 'Size Issue', 'Processed', 29, '2026-02-11 07:03:02'),
(76, 'UT-100156', '2024-12-19', 'Wrong Item', 'Processed', 29, '2026-02-11 07:03:02'),
(77, 'UT-100158', '2024-12-18', 'Changed Mind', 'Processed', 28, '2026-02-11 07:03:02'),
(78, 'UT-100160', '2024-12-19', 'Damaged in Transit', 'Processed', 28, '2026-02-11 07:03:02'),
(79, 'UT-100162', '2024-12-22', 'Size Issue', 'Processed', 28, '2026-02-11 07:03:02'),
(80, 'UT-100164', '2024-12-24', 'Quality Defect', 'Processed', 29, '2026-02-11 07:03:02'),
(81, 'UT-100166', '2024-12-23', 'Size Issue', 'Processed', 29, '2026-02-11 07:03:02'),
(82, 'UT-100167', '2024-12-25', 'Wrong Item', 'Processed', 29, '2026-02-11 07:03:02'),
(83, 'UT-100169', '2024-12-26', 'Changed Mind', 'Processed', 29, '2026-02-11 07:03:02'),
(84, 'UT-100171', '2024-12-24', 'Quality Defect', 'Processed', 28, '2026-02-11 07:03:02'),
(85, 'UT-100173', '2024-12-25', 'Size Issue', 'Processed', 29, '2026-02-11 07:03:02'),
(86, 'UT-100175', '2024-12-26', 'Damaged in Transit', 'Processed', 29, '2026-02-11 07:03:02'),
(87, 'UT-100177', '2024-12-28', 'Size Issue', 'Processed', 29, '2026-02-11 07:03:02'),
(88, 'UT-100179', '2024-12-29', 'Wrong Item', 'Processed', 29, '2026-02-11 07:03:02'),
(89, 'UT-100180', '2024-12-27', 'Changed Mind', 'Processed', 29, '2026-02-11 07:03:02'),
(90, 'UT-100182', '2024-12-30', 'Quality Defect', 'Processed', 29, '2026-02-11 07:03:02'),
(91, 'UT-100184', '2024-12-31', 'Size Issue', 'Processed', 29, '2026-02-11 07:03:02'),
(92, 'UT-100186', '2024-12-29', 'Damaged in Transit', 'Processed', 28, '2026-02-11 07:03:02'),
(93, 'UT-100188', '2024-12-30', 'Size Issue', 'Processed', 29, '2026-02-11 07:03:02'),
(94, 'UT-100189', '2025-02-01', 'Wrong Item', 'Processed', 29, '2026-02-11 07:03:02'),
(95, 'UT-100192', '2025-03-01', 'Changed Mind', 'Processed', 29, '2026-02-11 07:03:02'),
(96, 'UT-100194', '2025-04-01', 'Quality Defect', 'Processed', 29, '2026-02-11 07:03:02'),
(97, 'UT-100196', '2025-03-01', 'Size Issue', 'Processed', 29, '2026-02-11 07:03:02'),
(98, 'UT-100197', '2025-05-01', 'Wrong Item', 'Processed', 29, '2026-02-11 07:03:02'),
(99, 'UT-100199', '2025-06-01', 'Changed Mind', 'Processed', 29, '2026-02-11 07:03:02'),
(100, 'UT-100201', '2025-05-01', 'Damaged in Transit', 'Processed', 29, '2026-02-11 07:03:02'),
(101, 'UT-100203', '2025-04-01', 'Quality Defect', 'Processed', 28, '2026-02-11 07:03:02'),
(102, 'UT-100204', '2025-08-01', 'Size Issue', 'Processed', 29, '2026-02-11 07:03:02'),
(103, 'UT-100206', '2025-07-01', 'Wrong Item', 'Processed', 29, '2026-02-11 07:03:02'),
(104, 'UT-100208', '2025-06-01', 'Changed Mind', 'Processed', 28, '2026-02-11 07:03:02'),
(105, 'UT-100209', '2025-10-01', 'Size Issue', 'Processed', 29, '2026-02-11 07:03:02'),
(106, 'UT-100211', '2025-08-01', 'Damaged in Transit', 'Processed', 28, '2026-02-11 07:03:02'),
(107, 'UT-100213', '2025-09-01', 'Quality Defect', 'Processed', 29, '2026-02-11 07:03:02'),
(108, 'UT-100214', '2025-12-01', 'Size Issue', 'Processed', 29, '2026-02-11 07:03:02'),
(109, 'UT-100216', '2025-10-01', 'Wrong Item', 'Processed', 28, '2026-02-11 07:03:02'),
(110, 'UT-100218', '2025-11-01', 'Changed Mind', 'Processed', 29, '2026-02-11 07:03:02'),
(111, 'UT-100219', '2025-01-14', 'Size Issue', 'Processed', 29, '2026-02-11 07:03:02'),
(112, 'UT-100222', '2025-01-15', 'Quality Defect', 'Processed', 29, '2026-02-11 07:03:02'),
(113, 'UT-100224', '2025-01-16', 'Damaged in Transit', 'Processed', 29, '2026-02-11 07:03:02'),
(114, 'UT-100225', '2025-01-14', 'Size Issue', 'Processed', 29, '2026-02-11 07:03:02'),
(115, 'UT-100227', '2024-12-28', 'Changed Mind', 'Pending', 20, '2026-02-11 07:03:02'),
(116, 'UT-100229', '2024-12-30', 'Size Issue', 'Processed', 21, '2026-02-11 07:03:02'),
(117, 'UT-100232', '2025-02-01', 'Wrong Item', 'Pending', 22, '2026-02-11 07:03:02'),
(118, 'UT-100234', '2025-03-01', 'Size Issue', 'Processed', 22, '2026-02-11 07:03:02'),
(119, 'UT-100236', '2025-05-01', 'Quality Defect', 'Processed', 22, '2026-02-11 07:03:02'),
(120, 'UT-100240', '2025-06-01', 'Size Issue', 'Processed', 23, '2026-02-11 07:03:02'),
(121, 'UT-100242', '2025-08-01', 'Changed Mind', 'Processed', 24, '2026-02-11 07:03:02'),
(122, 'UT-100243', '2025-10-01', 'Size Issue', 'Pending', 24, '2026-02-11 07:03:02'),
(123, 'UT-100246', '2025-12-01', 'Quality Defect', 'Processed', 25, '2026-02-11 07:03:02'),
(124, 'UT-100248', '2025-01-14', 'Size Issue', 'Processed', 26, '2026-02-11 07:03:02'),
(125, 'UT-100252', '2025-01-15', 'Damaged in Transit', 'Pending', 25, '2026-02-11 07:03:02'),
(126, 'UT-100255', '2025-01-16', 'Size Issue', 'Processed', 25, '2026-02-11 07:03:02'),
(127, 'UT-100256', '2025-01-18', 'Wrong Item', 'Processed', 26, '2026-02-11 07:03:02'),
(128, 'UT-100258', '2025-01-20', 'Changed Mind', 'Processed', 27, '2026-02-11 07:03:02'),
(129, 'UT-100260', '2025-01-19', 'Quality Defect', 'Processed', 26, '2026-02-11 07:03:02'),
(130, 'UT-100261', '2025-01-22', 'Size Issue', 'Processed', 28, '2026-02-11 07:03:02'),
(131, 'UT-100263', '2025-01-23', 'Wrong Item', 'Processed', 28, '2026-02-11 07:03:02'),
(132, 'UT-100265', '2025-01-21', 'Damaged in Transit', 'Processed', 26, '2026-02-11 07:03:02'),
(133, 'UT-100267', '2025-01-24', 'Size Issue', 'Processed', 28, '2026-02-11 07:03:02'),
(134, 'UT-100268', '2025-01-25', 'Changed Mind', 'Processed', 28, '2026-02-11 07:03:02'),
(135, 'UT-100270', '2025-01-23', 'Quality Defect', 'Processed', 26, '2026-02-11 07:03:02'),
(136, 'UT-100272', '2025-01-26', 'Wrong Item', 'Processed', 28, '2026-02-11 07:03:02'),
(137, 'UT-100275', '2025-01-27', 'Size Issue', 'Processed', 28, '2026-02-11 07:03:02'),
(138, 'UT-100276', '2025-01-28', 'Damaged in Transit', 'Processed', 28, '2026-02-11 07:03:02'),
(139, 'UT-100278', '2025-01-29', 'Changed Mind', 'Processed', 29, '2026-02-11 07:03:02'),
(140, 'UT-100279', '2025-01-26', 'Quality Defect', 'Processed', 27, '2026-02-11 07:03:02'),
(141, 'UT-100281', '2025-01-30', 'Size Issue', 'Processed', 28, '2026-02-11 07:03:02'),
(142, 'UT-100283', '2025-01-31', 'Wrong Item', 'Processed', 28, '2026-02-11 07:03:02'),
(143, 'UT-100285', '2025-01-30', 'Damaged in Transit', 'Processed', 27, '2026-02-11 07:03:02'),
(144, 'UT-100286', '2025-01-02', 'Size Issue', 'Processed', 28, '2026-02-11 07:03:02'),
(145, 'UT-100288', '2025-02-02', 'Changed Mind', 'Processed', 28, '2026-02-11 07:03:02'),
(146, 'UT-100290', '2025-01-02', 'Quality Defect', 'Processed', 27, '2026-02-11 07:03:02'),
(147, 'UT-100291', '2025-03-02', 'Size Issue', 'Processed', 28, '2026-02-11 07:03:02'),
(148, 'UT-100293', '2025-04-02', 'Wrong Item', 'Processed', 28, '2026-02-11 07:03:02'),
(149, 'UT-100295', '2025-03-02', 'Damaged in Transit', 'Processed', 27, '2026-02-11 07:03:02'),
(150, 'UT-100297', '2025-05-02', 'Size Issue', 'Processed', 28, '2026-02-11 07:03:02'),
(151, 'UT-100298', '2025-06-02', 'Changed Mind', 'Processed', 28, '2026-02-11 07:03:02'),
(152, 'UT-100300', '2025-05-02', 'Quality Defect', 'Processed', 27, '2026-02-11 07:03:02'),
(153, 'UT-100301', '2025-07-02', 'Size Issue', 'Processed', 28, '2026-02-11 07:03:02'),
(154, 'UT-100303', '2025-08-02', 'Wrong Item', 'Processed', 28, '2026-02-11 07:03:02'),
(155, 'UT-100305', '2025-07-02', 'Damaged in Transit', 'Processed', 27, '2026-02-11 07:03:02'),
(156, 'UT-100306', '2025-09-02', 'Size Issue', 'Processed', 28, '2026-02-11 07:03:02'),
(157, 'UT-100308', '2025-10-02', 'Changed Mind', 'Processed', 28, '2026-02-11 07:03:02'),
(158, 'UT-100309', '2025-08-02', 'Quality Defect', 'Processed', 27, '2026-02-11 07:03:02'),
(159, 'UT-100311', '2025-11-02', 'Size Issue', 'Processed', 28, '2026-02-11 07:03:02'),
(160, 'UT-100313', '2025-12-02', 'Wrong Item', 'Processed', 28, '2026-02-11 07:03:02'),
(161, 'UT-100315', '2025-11-02', 'Damaged in Transit', 'Processed', 27, '2026-02-11 07:03:02'),
(162, 'UT-100316', '2025-02-13', 'Size Issue', 'Processed', 28, '2026-02-11 07:03:02'),
(163, 'UT-100318', '2025-02-14', 'Changed Mind', 'Processed', 28, '2026-02-11 07:03:02'),
(164, 'UT-100320', '2025-02-13', 'Quality Defect', 'Processed', 27, '2026-02-11 07:03:02'),
(165, 'UT-100321', '2025-02-15', 'Size Issue', 'Processed', 28, '2026-02-11 07:03:02'),
(166, 'UT-100323', '2025-02-16', 'Wrong Item', 'Processed', 28, '2026-02-11 07:03:02'),
(167, 'UT-100325', '2025-02-15', 'Damaged in Transit', 'Processed', 27, '2026-02-11 07:03:02'),
(168, 'UT-100326', '2025-02-17', 'Size Issue', 'Processed', 28, '2026-02-11 07:03:02'),
(169, 'UT-100328', '2025-02-18', 'Changed Mind', 'Processed', 28, '2026-02-11 07:03:02'),
(170, 'UT-100329', '2025-02-16', 'Quality Defect', 'Processed', 27, '2026-02-11 07:03:02'),
(171, 'UT-100331', '2025-02-19', 'Size Issue', 'Processed', 28, '2026-02-11 07:03:02'),
(172, 'UT-100333', '2025-02-20', 'Wrong Item', 'Processed', 28, '2026-02-11 07:03:02'),
(173, 'UT-100335', '2025-02-19', 'Damaged in Transit', 'Processed', 27, '2026-02-11 07:03:02'),
(174, 'UT-100336', '2025-02-21', 'Size Issue', 'Processed', 28, '2026-02-11 07:03:02'),
(175, 'UT-100338', '2025-02-22', 'Changed Mind', 'Processed', 28, '2026-02-11 07:03:02'),
(176, 'UT-100339', '2025-02-20', 'Quality Defect', 'Processed', 27, '2026-02-11 07:03:02'),
(177, 'UT-100341', '2025-02-23', 'Size Issue', 'Processed', 28, '2026-02-11 07:03:02'),
(178, 'UT-100343', '2025-02-24', 'Wrong Item', 'Processed', 28, '2026-02-11 07:03:02'),
(179, 'UT-100345', '2025-02-23', 'Damaged in Transit', 'Processed', 27, '2026-02-11 07:03:02'),
(180, 'UT-100346', '2025-02-25', 'Size Issue', 'Processed', 28, '2026-02-11 07:03:02');

--
-- Indexes for dumped tables
--

--
-- Indexes for table `customers`
--
ALTER TABLE `customers`
  ADD PRIMARY KEY (`customer_id`),
  ADD KEY `idx_customer_type` (`customer_type`);

--
-- Indexes for table `deliveries`
--
ALTER TABLE `deliveries`
  ADD PRIMARY KEY (`delivery_id`),
  ADD UNIQUE KEY `order_id` (`order_id`),
  ADD KEY `idx_warehouse` (`warehouse`),
  ADD KEY `idx_delivery_date` (`delivery_date`);

--
-- Indexes for table `discounts`
--
ALTER TABLE `discounts`
  ADD PRIMARY KEY (`discount_id`),
  ADD UNIQUE KEY `discount_code` (`discount_code`),
  ADD KEY `idx_discount_code` (`discount_code`);

--
-- Indexes for table `locations`
--
ALTER TABLE `locations`
  ADD PRIMARY KEY (`location_id`),
  ADD UNIQUE KEY `unique_city_state` (`city`,`state`),
  ADD KEY `idx_state` (`state`);

--
-- Indexes for table `orders`
--
ALTER TABLE `orders`
  ADD PRIMARY KEY (`order_id`),
  ADD KEY `location_id` (`location_id`),
  ADD KEY `discount_id` (`discount_id`),
  ADD KEY `idx_order_date` (`order_date`),
  ADD KEY `idx_customer` (`customer_id`),
  ADD KEY `idx_status` (`status`),
  ADD KEY `idx_source` (`source`);

--
-- Indexes for table `order_items`
--
ALTER TABLE `order_items`
  ADD PRIMARY KEY (`order_item_id`),
  ADD KEY `idx_order` (`order_id`),
  ADD KEY `idx_product` (`sku`);

--
-- Indexes for table `products`
--
ALTER TABLE `products`
  ADD PRIMARY KEY (`sku`),
  ADD KEY `idx_category` (`category`),
  ADD KEY `idx_price` (`unit_price`);

--
-- Indexes for table `returns`
--
ALTER TABLE `returns`
  ADD PRIMARY KEY (`return_id`),
  ADD UNIQUE KEY `order_id` (`order_id`),
  ADD KEY `idx_return_reason` (`return_reason`),
  ADD KEY `idx_refund_status` (`refund_status`);

--
-- AUTO_INCREMENT for dumped tables
--

--
-- AUTO_INCREMENT for table `deliveries`
--
ALTER TABLE `deliveries`
  MODIFY `delivery_id` int(11) NOT NULL AUTO_INCREMENT, AUTO_INCREMENT=346;

--
-- AUTO_INCREMENT for table `discounts`
--
ALTER TABLE `discounts`
  MODIFY `discount_id` int(11) NOT NULL AUTO_INCREMENT, AUTO_INCREMENT=7;

--
-- AUTO_INCREMENT for table `locations`
--
ALTER TABLE `locations`
  MODIFY `location_id` int(11) NOT NULL AUTO_INCREMENT, AUTO_INCREMENT=40;

--
-- AUTO_INCREMENT for table `order_items`
--
ALTER TABLE `order_items`
  MODIFY `order_item_id` int(11) NOT NULL AUTO_INCREMENT, AUTO_INCREMENT=346;

--
-- AUTO_INCREMENT for table `returns`
--
ALTER TABLE `returns`
  MODIFY `return_id` int(11) NOT NULL AUTO_INCREMENT, AUTO_INCREMENT=181;

--
-- Constraints for dumped tables
--

--
-- Constraints for table `deliveries`
--
ALTER TABLE `deliveries`
  ADD CONSTRAINT `deliveries_ibfk_1` FOREIGN KEY (`order_id`) REFERENCES `orders` (`order_id`) ON DELETE CASCADE;

--
-- Constraints for table `orders`
--
ALTER TABLE `orders`
  ADD CONSTRAINT `orders_ibfk_1` FOREIGN KEY (`customer_id`) REFERENCES `customers` (`customer_id`),
  ADD CONSTRAINT `orders_ibfk_2` FOREIGN KEY (`location_id`) REFERENCES `locations` (`location_id`),
  ADD CONSTRAINT `orders_ibfk_3` FOREIGN KEY (`discount_id`) REFERENCES `discounts` (`discount_id`);

--
-- Constraints for table `order_items`
--
ALTER TABLE `order_items`
  ADD CONSTRAINT `order_items_ibfk_1` FOREIGN KEY (`order_id`) REFERENCES `orders` (`order_id`) ON DELETE CASCADE,
  ADD CONSTRAINT `order_items_ibfk_2` FOREIGN KEY (`sku`) REFERENCES `products` (`sku`);

--
-- Constraints for table `returns`
--
ALTER TABLE `returns`
  ADD CONSTRAINT `returns_ibfk_1` FOREIGN KEY (`order_id`) REFERENCES `orders` (`order_id`) ON DELETE CASCADE;
COMMIT;

/*!40101 SET CHARACTER_SET_CLIENT=@OLD_CHARACTER_SET_CLIENT */;
/*!40101 SET CHARACTER_SET_RESULTS=@OLD_CHARACTER_SET_RESULTS */;
/*!40101 SET COLLATION_CONNECTION=@OLD_COLLATION_CONNECTION */;
